{
  "id" : "a96c85f1-5686-4569-a816-249365ad8006",
  "name" : "Shopify",
  "createdOn" : "2025-09-24T14:04:40.658",
  "modifiedOn" : "2025-10-02T11:20:39.742",
  "createdBy" : "e2142c56-e62c-4ca2-b956-0b6c00139a08",
  "modifiedBy" : "e2142c56-e62c-4ca2-b956-0b6c00139a08",
  "projectDescription" : null,
  "active" : true,
  "tag" : "EMPTY",
  "comment" : null,
  "baseTag" : "V6",
  "modeId" : "112c1cb8-4b9e-4d1a-a042-0bd031dc7d05",
  "deployedOn" : null,
  "details" : null,
  "projectType" : "Fusion"
}