{
  "id" : "bd141744-d0f6-41dd-8455-2243218a628b",
  "name" : "Shopify Query products",
  "component_id" : "ca9f2699-9b37-4144-8f2e-703f61dc79f1",
  "endpoint_id" : "fea7a907-2123-481a-9f48-1b3c9c4002f3",
  "action_id" : "7b24a12c-e039-4296-b826-99754616e21c",
  "structure_json" : {
    "type" : "jsonb",
    "value" : "{\"batch\": false, \"count\": null, \"joins\": [], \"limit\": null, \"nulls\": \"\", \"where\": {\"predicates\": []}, \"action\": \"Query\", \"entity\": \"{\\\"name\\\":\\\"products\\\",\\\"hasChildren\\\":false,\\\"mainEntity\\\":true,\\\"type\\\":\\\"ProductConnection\\\"}\", \"uiConfig\": {\"keys\": [\"edges.node.description\", \"edges.node.id\", \"edges.node.publishedAt\", \"edges.node.title\", \"edges.node.totalInventory\", \"edges.node.featuredImage.url\", \"edges.node.featuredImage\", \"edges.node.priceRange.minVariantPrice.amount\", \"edges.node.priceRange.minVariantPrice.currencyCode\", \"edges.node.priceRange.minVariantPrice\", \"edges.node.priceRange\", \"edges.node\", \"edges\", \"pageInfo.hasNextPage\", \"pageInfo\"], \"limit\": false, \"where\": false, \"options\": {\"arguments\": [\"{\\\"key\\\":\\\"${PLUG_TAG}/first\\\",\\\"type\\\":\\\"integer\\\",\\\"title\\\":\\\"first\\\",\\\"dataElementType\\\":\\\"integer\\\",\\\"value\\\":{\\\"type\\\":\\\"integer\\\",\\\"requiredFlag\\\":false},\\\"entityType\\\":\\\"Int\\\",\\\"hasChildren\\\":false}\", \"{\\\"key\\\":\\\"${PLUG_TAG}/after\\\",\\\"type\\\":\\\"string\\\",\\\"title\\\":\\\"after\\\",\\\"dataElementType\\\":\\\"string\\\",\\\"value\\\":{\\\"type\\\":\\\"string\\\",\\\"requiredFlag\\\":false},\\\"entityType\\\":\\\"String\\\",\\\"hasChildren\\\":false}\", \"{\\\"key\\\":\\\"${PLUG_TAG}/last\\\",\\\"type\\\":\\\"integer\\\",\\\"title\\\":\\\"last\\\",\\\"dataElementType\\\":\\\"integer\\\",\\\"value\\\":{\\\"type\\\":\\\"integer\\\",\\\"requiredFlag\\\":false},\\\"entityType\\\":\\\"Int\\\",\\\"hasChildren\\\":false}\", \"{\\\"key\\\":\\\"${PLUG_TAG}/before\\\",\\\"type\\\":\\\"string\\\",\\\"title\\\":\\\"before\\\",\\\"dataElementType\\\":\\\"string\\\",\\\"value\\\":{\\\"type\\\":\\\"string\\\",\\\"requiredFlag\\\":false},\\\"entityType\\\":\\\"String\\\",\\\"hasChildren\\\":false}\", \"{\\\"key\\\":\\\"${PLUG_TAG}/reverse\\\",\\\"type\\\":\\\"boolean\\\",\\\"title\\\":\\\"reverse\\\",\\\"dataElementType\\\":\\\"boolean\\\",\\\"value\\\":{\\\"type\\\":\\\"boolean\\\",\\\"requiredFlag\\\":false},\\\"entityType\\\":\\\"Boolean\\\",\\\"hasChildren\\\":false}\", \"{\\\"key\\\":\\\"${PLUG_TAG}/sortKey\\\",\\\"type\\\":\\\"string\\\",\\\"title\\\":\\\"sortKey\\\",\\\"dataElementType\\\":\\\"string\\\",\\\"value\\\":{\\\"type\\\":\\\"string\\\",\\\"requiredFlag\\\":false,\\\"_enum\\\":[\\\"PRODUCT_TYPE\\\",\\\"PUBLISHED_AT\\\",\\\"CREATED_AT\\\",\\\"RELEVANCE\\\",\\\"VENDOR\\\",\\\"TITLE\\\",\\\"UPDATED_AT\\\",\\\"ID\\\",\\\"INVENTORY_TOTAL\\\"]},\\\"entityType\\\":\\\"ProductSortKeys\\\",\\\"hasChildren\\\":false}\", \"{\\\"key\\\":\\\"${PLUG_TAG}/query\\\",\\\"type\\\":\\\"string\\\",\\\"title\\\":\\\"query\\\",\\\"dataElementType\\\":\\\"string\\\",\\\"value\\\":{\\\"type\\\":\\\"string\\\",\\\"requiredFlag\\\":false},\\\"entityType\\\":\\\"String\\\",\\\"hasChildren\\\":false}\", \"{\\\"key\\\":\\\"${PLUG_TAG}/savedSearchId\\\",\\\"type\\\":\\\"string\\\",\\\"title\\\":\\\"savedSearchId\\\",\\\"dataElementType\\\":\\\"string\\\",\\\"value\\\":{\\\"type\\\":\\\"string\\\",\\\"requiredFlag\\\":false},\\\"entityType\\\":\\\"ID\\\",\\\"hasChildren\\\":false}\"]}, \"orderBy\": false, \"section\": {\"section1\": [{\"name\": \"first\", \"path\": \"first\", \"type\": \"integer\", \"label\": \"first\", \"checked\": true, \"readonly\": false, \"required\": false, \"actualType\": \"Int\", \"columnIndex\": 0, \"hasChildren\": false, \"referenceTo\": \"{\\\"key\\\":\\\"${PLUG_TAG}/first\\\",\\\"type\\\":\\\"integer\\\",\\\"title\\\":\\\"first\\\",\\\"dataElementType\\\":\\\"integer\\\",\\\"value\\\":{\\\"type\\\":\\\"integer\\\",\\\"requiredFlag\\\":false},\\\"entityType\\\":\\\"Int\\\",\\\"hasChildren\\\":false}\", \"indeterminate\": false, \"inputCategory\": false, \"dataElementPath\": \"first\"}, {\"name\": \"after\", \"path\": \"after\", \"type\": \"string\", \"label\": \"after\", \"checked\": false, \"readonly\": false, \"required\": false, \"actualType\": \"String\", \"columnIndex\": 0, \"hasChildren\": false, \"referenceTo\": \"{\\\"key\\\":\\\"${PLUG_TAG}/after\\\",\\\"type\\\":\\\"string\\\",\\\"title\\\":\\\"after\\\",\\\"dataElementType\\\":\\\"string\\\",\\\"value\\\":{\\\"type\\\":\\\"string\\\",\\\"requiredFlag\\\":false},\\\"entityType\\\":\\\"String\\\",\\\"hasChildren\\\":false}\", \"inputCategory\": false, \"dataElementPath\": \"after\"}, {\"name\": \"last\", \"path\": \"last\", \"type\": \"integer\", \"label\": \"last\", \"checked\": false, \"readonly\": false, \"required\": false, \"actualType\": \"Int\", \"columnIndex\": 0, \"hasChildren\": false, \"referenceTo\": \"{\\\"key\\\":\\\"${PLUG_TAG}/last\\\",\\\"type\\\":\\\"integer\\\",\\\"title\\\":\\\"last\\\",\\\"dataElementType\\\":\\\"integer\\\",\\\"value\\\":{\\\"type\\\":\\\"integer\\\",\\\"requiredFlag\\\":false},\\\"entityType\\\":\\\"Int\\\",\\\"hasChildren\\\":false}\", \"inputCategory\": false, \"dataElementPath\": \"last\"}, {\"name\": \"before\", \"path\": \"before\", \"type\": \"string\", \"label\": \"before\", \"checked\": false, \"readonly\": false, \"required\": false, \"actualType\": \"String\", \"columnIndex\": 0, \"hasChildren\": false, \"referenceTo\": \"{\\\"key\\\":\\\"${PLUG_TAG}/before\\\",\\\"type\\\":\\\"string\\\",\\\"title\\\":\\\"before\\\",\\\"dataElementType\\\":\\\"string\\\",\\\"value\\\":{\\\"type\\\":\\\"string\\\",\\\"requiredFlag\\\":false},\\\"entityType\\\":\\\"String\\\",\\\"hasChildren\\\":false}\", \"inputCategory\": false, \"dataElementPath\": \"before\"}, {\"name\": \"reverse\", \"path\": \"reverse\", \"type\": \"boolean\", \"label\": \"reverse\", \"checked\": false, \"readonly\": false, \"required\": false, \"actualType\": \"Boolean\", \"columnIndex\": 0, \"hasChildren\": false, \"referenceTo\": \"{\\\"key\\\":\\\"${PLUG_TAG}/reverse\\\",\\\"type\\\":\\\"boolean\\\",\\\"title\\\":\\\"reverse\\\",\\\"dataElementType\\\":\\\"boolean\\\",\\\"value\\\":{\\\"type\\\":\\\"boolean\\\",\\\"requiredFlag\\\":false},\\\"entityType\\\":\\\"Boolean\\\",\\\"hasChildren\\\":false}\", \"inputCategory\": false, \"dataElementPath\": \"reverse\"}, {\"name\": \"sortKey\", \"path\": \"sortKey\", \"type\": \"string\", \"label\": \"sortKey\", \"checked\": false, \"readonly\": false, \"required\": false, \"actualType\": \"ProductSortKeys\", \"columnIndex\": 0, \"hasChildren\": false, \"referenceTo\": \"{\\\"key\\\":\\\"${PLUG_TAG}/sortKey\\\",\\\"type\\\":\\\"string\\\",\\\"title\\\":\\\"sortKey\\\",\\\"dataElementType\\\":\\\"string\\\",\\\"value\\\":{\\\"type\\\":\\\"string\\\",\\\"requiredFlag\\\":false,\\\"_enum\\\":[\\\"PRODUCT_TYPE\\\",\\\"PUBLISHED_AT\\\",\\\"CREATED_AT\\\",\\\"RELEVANCE\\\",\\\"VENDOR\\\",\\\"TITLE\\\",\\\"UPDATED_AT\\\",\\\"ID\\\",\\\"INVENTORY_TOTAL\\\"]},\\\"entityType\\\":\\\"ProductSortKeys\\\",\\\"hasChildren\\\":false}\", \"inputCategory\": false, \"dataElementPath\": \"sortKey\"}, {\"name\": \"query\", \"path\": \"query\", \"type\": \"string\", \"label\": \"query\", \"checked\": false, \"readonly\": false, \"required\": false, \"actualType\": \"String\", \"columnIndex\": 0, \"hasChildren\": false, \"referenceTo\": \"{\\\"key\\\":\\\"${PLUG_TAG}/query\\\",\\\"type\\\":\\\"string\\\",\\\"title\\\":\\\"query\\\",\\\"dataElementType\\\":\\\"string\\\",\\\"value\\\":{\\\"type\\\":\\\"string\\\",\\\"requiredFlag\\\":false},\\\"entityType\\\":\\\"String\\\",\\\"hasChildren\\\":false}\", \"inputCategory\": false, \"dataElementPath\": \"query\"}, {\"name\": \"savedSearchId\", \"path\": \"savedSearchId\", \"type\": \"string\", \"label\": \"savedSearchId\", \"checked\": false, \"readonly\": false, \"required\": false, \"actualType\": \"ID\", \"columnIndex\": 0, \"hasChildren\": false, \"referenceTo\": \"{\\\"key\\\":\\\"${PLUG_TAG}/savedSearchId\\\",\\\"type\\\":\\\"string\\\",\\\"title\\\":\\\"savedSearchId\\\",\\\"dataElementType\\\":\\\"string\\\",\\\"value\\\":{\\\"type\\\":\\\"string\\\",\\\"requiredFlag\\\":false},\\\"entityType\\\":\\\"ID\\\",\\\"hasChildren\\\":false}\", \"inputCategory\": false, \"dataElementPath\": \"savedSearchId\"}]}, \"inputKeys\": [\"first\"], \"skippable\": false, \"inputFields\": {\"section1\": [{\"name\": \"first\", \"path\": \"first\", \"type\": \"integer\", \"label\": \"first\", \"checked\": true, \"readonly\": false, \"required\": false, \"actualType\": \"Int\", \"columnIndex\": 0, \"hasChildren\": false, \"referenceTo\": \"{\\\"key\\\":\\\"${PLUG_TAG}/first\\\",\\\"type\\\":\\\"integer\\\",\\\"title\\\":\\\"first\\\",\\\"dataElementType\\\":\\\"integer\\\",\\\"value\\\":{\\\"type\\\":\\\"integer\\\",\\\"requiredFlag\\\":false},\\\"entityType\\\":\\\"Int\\\",\\\"hasChildren\\\":false}\", \"indeterminate\": false, \"inputCategory\": false, \"dataElementPath\": \"first\"}, {\"name\": \"after\", \"path\": \"after\", \"type\": \"string\", \"label\": \"after\", \"checked\": false, \"readonly\": false, \"required\": false, \"actualType\": \"String\", \"columnIndex\": 0, \"hasChildren\": false, \"referenceTo\": \"{\\\"key\\\":\\\"${PLUG_TAG}/after\\\",\\\"type\\\":\\\"string\\\",\\\"title\\\":\\\"after\\\",\\\"dataElementType\\\":\\\"string\\\",\\\"value\\\":{\\\"type\\\":\\\"string\\\",\\\"requiredFlag\\\":false},\\\"entityType\\\":\\\"String\\\",\\\"hasChildren\\\":false}\", \"inputCategory\": false, \"dataElementPath\": \"after\"}, {\"name\": \"last\", \"path\": \"last\", \"type\": \"integer\", \"label\": \"last\", \"checked\": false, \"readonly\": false, \"required\": false, \"actualType\": \"Int\", \"columnIndex\": 0, \"hasChildren\": false, \"referenceTo\": \"{\\\"key\\\":\\\"${PLUG_TAG}/last\\\",\\\"type\\\":\\\"integer\\\",\\\"title\\\":\\\"last\\\",\\\"dataElementType\\\":\\\"integer\\\",\\\"value\\\":{\\\"type\\\":\\\"integer\\\",\\\"requiredFlag\\\":false},\\\"entityType\\\":\\\"Int\\\",\\\"hasChildren\\\":false}\", \"inputCategory\": false, \"dataElementPath\": \"last\"}, {\"name\": \"before\", \"path\": \"before\", \"type\": \"string\", \"label\": \"before\", \"checked\": false, \"readonly\": false, \"required\": false, \"actualType\": \"String\", \"columnIndex\": 0, \"hasChildren\": false, \"referenceTo\": \"{\\\"key\\\":\\\"${PLUG_TAG}/before\\\",\\\"type\\\":\\\"string\\\",\\\"title\\\":\\\"before\\\",\\\"dataElementType\\\":\\\"string\\\",\\\"value\\\":{\\\"type\\\":\\\"string\\\",\\\"requiredFlag\\\":false},\\\"entityType\\\":\\\"String\\\",\\\"hasChildren\\\":false}\", \"inputCategory\": false, \"dataElementPath\": \"before\"}, {\"name\": \"reverse\", \"path\": \"reverse\", \"type\": \"boolean\", \"label\": \"reverse\", \"checked\": false, \"readonly\": false, \"required\": false, \"actualType\": \"Boolean\", \"columnIndex\": 0, \"hasChildren\": false, \"referenceTo\": \"{\\\"key\\\":\\\"${PLUG_TAG}/reverse\\\",\\\"type\\\":\\\"boolean\\\",\\\"title\\\":\\\"reverse\\\",\\\"dataElementType\\\":\\\"boolean\\\",\\\"value\\\":{\\\"type\\\":\\\"boolean\\\",\\\"requiredFlag\\\":false},\\\"entityType\\\":\\\"Boolean\\\",\\\"hasChildren\\\":false}\", \"inputCategory\": false, \"dataElementPath\": \"reverse\"}, {\"name\": \"sortKey\", \"path\": \"sortKey\", \"type\": \"string\", \"label\": \"sortKey\", \"checked\": false, \"readonly\": false, \"required\": false, \"actualType\": \"ProductSortKeys\", \"columnIndex\": 0, \"hasChildren\": false, \"referenceTo\": \"{\\\"key\\\":\\\"${PLUG_TAG}/sortKey\\\",\\\"type\\\":\\\"string\\\",\\\"title\\\":\\\"sortKey\\\",\\\"dataElementType\\\":\\\"string\\\",\\\"value\\\":{\\\"type\\\":\\\"string\\\",\\\"requiredFlag\\\":false,\\\"_enum\\\":[\\\"PRODUCT_TYPE\\\",\\\"PUBLISHED_AT\\\",\\\"CREATED_AT\\\",\\\"RELEVANCE\\\",\\\"VENDOR\\\",\\\"TITLE\\\",\\\"UPDATED_AT\\\",\\\"ID\\\",\\\"INVENTORY_TOTAL\\\"]},\\\"entityType\\\":\\\"ProductSortKeys\\\",\\\"hasChildren\\\":false}\", \"inputCategory\": false, \"dataElementPath\": \"sortKey\"}, {\"name\": \"query\", \"path\": \"query\", \"type\": \"string\", \"label\": \"query\", \"checked\": false, \"readonly\": false, \"required\": false, \"actualType\": \"String\", \"columnIndex\": 0, \"hasChildren\": false, \"referenceTo\": \"{\\\"key\\\":\\\"${PLUG_TAG}/query\\\",\\\"type\\\":\\\"string\\\",\\\"title\\\":\\\"query\\\",\\\"dataElementType\\\":\\\"string\\\",\\\"value\\\":{\\\"type\\\":\\\"string\\\",\\\"requiredFlag\\\":false},\\\"entityType\\\":\\\"String\\\",\\\"hasChildren\\\":false}\", \"inputCategory\": false, \"dataElementPath\": \"query\"}, {\"name\": \"savedSearchId\", \"path\": \"savedSearchId\", \"type\": \"string\", \"label\": \"savedSearchId\", \"checked\": false, \"readonly\": false, \"required\": false, \"actualType\": \"ID\", \"columnIndex\": 0, \"hasChildren\": false, \"referenceTo\": \"{\\\"key\\\":\\\"${PLUG_TAG}/savedSearchId\\\",\\\"type\\\":\\\"string\\\",\\\"title\\\":\\\"savedSearchId\\\",\\\"dataElementType\\\":\\\"string\\\",\\\"value\\\":{\\\"type\\\":\\\"string\\\",\\\"requiredFlag\\\":false},\\\"entityType\\\":\\\"ID\\\",\\\"hasChildren\\\":false}\", \"inputCategory\": false, \"dataElementPath\": \"savedSearchId\"}]}, \"supportJoin\": false, \"disableFields\": false, \"metadataKeyName\": \"projections\", \"dynamicFieldsKeys\": [], \"selectedTableList\": [], \"batchConfiguration\": {\"skippable\": false, \"maxBatchSize\": 0, \"batchSupported\": false}, \"includeReferenceFields\": true, \"supportsExternalFields\": false, \"supportsReferenceFields\": false}, \"allOrNone\": false, \"inputKeys\": [\"first\"], \"inputFields\": {\"section1\": [{\"name\": \"first\", \"path\": \"first\", \"type\": \"integer\", \"label\": \"first\", \"checked\": true, \"readonly\": false, \"required\": false, \"actualType\": \"Int\", \"columnIndex\": 0, \"hasChildren\": false, \"referenceTo\": \"{\\\"key\\\":\\\"${PLUG_TAG}/first\\\",\\\"type\\\":\\\"integer\\\",\\\"title\\\":\\\"first\\\",\\\"dataElementType\\\":\\\"integer\\\",\\\"value\\\":{\\\"type\\\":\\\"integer\\\",\\\"requiredFlag\\\":false},\\\"entityType\\\":\\\"Int\\\",\\\"hasChildren\\\":false}\", \"indeterminate\": false, \"inputCategory\": false, \"dataElementPath\": \"first\"}]}, \"projections\": [{\"key\": \"ProductEdge.edges\", \"name\": \"edges\", \"path\": \"edges\", \"type\": \"documentArray\", \"label\": \"edges\", \"checked\": false, \"children\": [{\"key\": \"Product.node\", \"name\": \"node\", \"path\": \"edges.node\", \"type\": \"document\", \"label\": \"node\", \"checked\": false, \"children\": [{\"key\": \"Product.description\", \"name\": \"description\", \"path\": \"edges.node.description\", \"type\": \"document\", \"label\": \"description\", \"values\": [\"{\\\"key\\\":\\\"${PLUG_TAG}/truncateAt\\\",\\\"type\\\":\\\"integer\\\",\\\"title\\\":\\\"truncateAt\\\",\\\"dataElementType\\\":\\\"integer\\\",\\\"value\\\":{\\\"type\\\":\\\"integer\\\",\\\"requiredFlag\\\":false},\\\"entityType\\\":\\\"Int\\\",\\\"hasChildren\\\":false}\"], \"checked\": true, \"readonly\": false, \"required\": false, \"actualType\": \"string\", \"columnIndex\": 0, \"hasChildren\": false, \"indeterminate\": false, \"inputCategory\": false, \"refObjectExtFields\": [{\"name\": \"truncateAt\", \"type\": \"integer\", \"label\": \"truncateAt\", \"checked\": false, \"readonly\": false, \"required\": false, \"actualType\": \"Int\", \"columnIndex\": 0, \"hasChildren\": false, \"inputCategory\": true}]}, {\"key\": \"Product.id\", \"name\": \"id\", \"path\": \"edges.node.id\", \"type\": \"string\", \"label\": \"id\", \"checked\": true, \"readonly\": false, \"required\": false, \"actualType\": \"string\", \"columnIndex\": 0, \"hasChildren\": false, \"indeterminate\": false, \"inputCategory\": false}, {\"key\": \"Product.publishedAt\", \"name\": \"publishedAt\", \"path\": \"edges.node.publishedAt\", \"type\": \"string\", \"label\": \"publishedAt\", \"checked\": true, \"readonly\": false, \"required\": false, \"actualType\": \"string\", \"columnIndex\": 0, \"hasChildren\": false, \"indeterminate\": false, \"inputCategory\": false}, {\"key\": \"Product.title\", \"name\": \"title\", \"path\": \"edges.node.title\", \"type\": \"string\", \"label\": \"title\", \"checked\": true, \"readonly\": false, \"required\": false, \"actualType\": \"string\", \"columnIndex\": 0, \"hasChildren\": false, \"indeterminate\": false, \"inputCategory\": false}, {\"key\": \"Product.totalInventory\", \"name\": \"totalInventory\", \"path\": \"edges.node.totalInventory\", \"type\": \"integer\", \"label\": \"totalInventory\", \"checked\": true, \"readonly\": false, \"required\": false, \"actualType\": \"integer\", \"columnIndex\": 0, \"hasChildren\": false, \"indeterminate\": false, \"inputCategory\": false}, {\"key\": \"Image.featuredImage\", \"name\": \"featuredImage\", \"path\": \"edges.node.featuredImage\", \"type\": \"document\", \"label\": \"featuredImage\", \"checked\": false, \"children\": [{\"key\": \"Image.url\", \"name\": \"url\", \"path\": \"edges.node.featuredImage.url\", \"type\": \"document\", \"label\": \"url\", \"values\": [\"{\\\"key\\\":\\\"${PLUG_TAG}/transform\\\",\\\"type\\\":\\\"document\\\",\\\"title\\\":\\\"transform\\\",\\\"dataElementType\\\":\\\"document\\\",\\\"value\\\":{\\\"type\\\":\\\"document\\\",\\\"requiredFlag\\\":false},\\\"entityType\\\":\\\"ImageTransformInput\\\",\\\"hasChildren\\\":true,\\\"children\\\":[{\\\"key\\\":\\\"${PLUG_TAG}/transform/crop\\\",\\\"type\\\":\\\"string\\\",\\\"title\\\":\\\"crop\\\",\\\"dataElementType\\\":\\\"string\\\",\\\"value\\\":{\\\"type\\\":\\\"string\\\",\\\"requiredFlag\\\":false,\\\"_enum\\\":[\\\"CENTER\\\",\\\"TOP\\\",\\\"LEFT\\\",\\\"RIGHT\\\",\\\"BOTTOM\\\"]},\\\"entityType\\\":\\\"CropRegion\\\",\\\"hasChildren\\\":false},{\\\"key\\\":\\\"${PLUG_TAG}/transform/maxWidth\\\",\\\"type\\\":\\\"integer\\\",\\\"title\\\":\\\"maxWidth\\\",\\\"dataElementType\\\":\\\"integer\\\",\\\"value\\\":{\\\"type\\\":\\\"integer\\\",\\\"requiredFlag\\\":false},\\\"entityType\\\":\\\"Int\\\",\\\"hasChildren\\\":false},{\\\"key\\\":\\\"${PLUG_TAG}/transform/maxHeight\\\",\\\"type\\\":\\\"integer\\\",\\\"title\\\":\\\"maxHeight\\\",\\\"dataElementType\\\":\\\"integer\\\",\\\"value\\\":{\\\"type\\\":\\\"integer\\\",\\\"requiredFlag\\\":false},\\\"entityType\\\":\\\"Int\\\",\\\"hasChildren\\\":false},{\\\"key\\\":\\\"${PLUG_TAG}/transform/scale\\\",\\\"type\\\":\\\"integer\\\",\\\"title\\\":\\\"scale\\\",\\\"dataElementType\\\":\\\"integer\\\",\\\"value\\\":{\\\"type\\\":\\\"integer\\\",\\\"requiredFlag\\\":false},\\\"entityType\\\":\\\"Int\\\",\\\"hasChildren\\\":false},{\\\"key\\\":\\\"${PLUG_TAG}/transform/preferredContentType\\\",\\\"type\\\":\\\"string\\\",\\\"title\\\":\\\"preferredContentType\\\",\\\"dataElementType\\\":\\\"string\\\",\\\"value\\\":{\\\"type\\\":\\\"string\\\",\\\"requiredFlag\\\":false,\\\"_enum\\\":[\\\"JPG\\\",\\\"WEBP\\\",\\\"PNG\\\"]},\\\"entityType\\\":\\\"ImageContentType\\\",\\\"hasChildren\\\":false}]}\"], \"checked\": true, \"readonly\": false, \"required\": false, \"actualType\": \"string\", \"columnIndex\": 0, \"hasChildren\": false, \"indeterminate\": false, \"inputCategory\": false, \"refObjectExtFields\": [{\"name\": \"transform\", \"type\": \"document\", \"label\": \"transform\", \"checked\": false, \"children\": [{\"name\": \"crop\", \"type\": \"string\", \"label\": \"crop\", \"checked\": false, \"readonly\": false, \"required\": false, \"actualType\": \"CropRegion\", \"columnIndex\": 0, \"hasChildren\": false, \"inputCategory\": true}, {\"name\": \"maxWidth\", \"type\": \"integer\", \"label\": \"maxWidth\", \"checked\": false, \"readonly\": false, \"required\": false, \"actualType\": \"Int\", \"columnIndex\": 0, \"hasChildren\": false, \"inputCategory\": true}, {\"name\": \"maxHeight\", \"type\": \"integer\", \"label\": \"maxHeight\", \"checked\": false, \"readonly\": false, \"required\": false, \"actualType\": \"Int\", \"columnIndex\": 0, \"hasChildren\": false, \"inputCategory\": true}, {\"name\": \"scale\", \"type\": \"integer\", \"label\": \"scale\", \"checked\": false, \"readonly\": false, \"required\": false, \"actualType\": \"Int\", \"columnIndex\": 0, \"hasChildren\": false, \"inputCategory\": true}, {\"name\": \"preferredContentType\", \"type\": \"string\", \"label\": \"preferredContentType\", \"checked\": false, \"readonly\": false, \"required\": false, \"actualType\": \"ImageContentType\", \"columnIndex\": 0, \"hasChildren\": false, \"inputCategory\": true}], \"readonly\": false, \"required\": false, \"actualType\": \"ImageTransformInput\", \"columnIndex\": 0, \"hasChildren\": true, \"inputCategory\": true}]}], \"readonly\": false, \"required\": false, \"actualType\": \"document\", \"columnIndex\": 0, \"hasChildren\": true, \"referenceTo\": \"Image\", \"indeterminate\": true, \"inputCategory\": false, \"relationshipName\": \"Image\"}, {\"key\": \"ProductPriceRange.priceRange\", \"name\": \"priceRange\", \"path\": \"edges.node.priceRange\", \"type\": \"document\", \"label\": \"priceRange\", \"checked\": false, \"children\": [{\"key\": \"MoneyV2.minVariantPrice\", \"name\": \"minVariantPrice\", \"path\": \"edges.node.priceRange.minVariantPrice\", \"type\": \"document\", \"label\": \"minVariantPrice\", \"checked\": true, \"children\": [{\"key\": \"MoneyV2.amount\", \"name\": \"amount\", \"path\": \"edges.node.priceRange.minVariantPrice.amount\", \"type\": \"string\", \"label\": \"amount\", \"checked\": true, \"readonly\": false, \"required\": false, \"actualType\": \"string\", \"columnIndex\": 0, \"hasChildren\": false, \"indeterminate\": false, \"inputCategory\": false}, {\"key\": \"MoneyV2.currencyCode\", \"name\": \"currencyCode\", \"path\": \"edges.node.priceRange.minVariantPrice.currencyCode\", \"type\": \"string\", \"label\": \"currencyCode\", \"checked\": true, \"readonly\": false, \"required\": false, \"actualType\": \"string\", \"columnIndex\": 0, \"hasChildren\": false, \"indeterminate\": false, \"inputCategory\": false}], \"readonly\": false, \"required\": false, \"actualType\": \"document\", \"columnIndex\": 0, \"hasChildren\": true, \"referenceTo\": \"MoneyV2\", \"indeterminate\": false, \"inputCategory\": false, \"relationshipName\": \"MoneyV2\"}], \"readonly\": false, \"required\": false, \"actualType\": \"document\", \"columnIndex\": 0, \"hasChildren\": true, \"referenceTo\": \"ProductPriceRange\", \"indeterminate\": true, \"inputCategory\": false, \"relationshipName\": \"ProductPriceRange\"}], \"readonly\": false, \"required\": false, \"actualType\": \"document\", \"columnIndex\": 0, \"hasChildren\": true, \"referenceTo\": \"Product\", \"indeterminate\": true, \"inputCategory\": false, \"relationshipName\": \"Product\"}], \"readonly\": false, \"required\": false, \"actualType\": \"documentArray\", \"columnIndex\": 0, \"hasChildren\": true, \"referenceTo\": \"ProductEdge\", \"indeterminate\": true, \"inputCategory\": false, \"relationshipName\": \"ProductEdge\"}, {\"key\": \"PageInfo.pageInfo\", \"name\": \"pageInfo\", \"path\": \"pageInfo\", \"type\": \"document\", \"label\": \"pageInfo\", \"checked\": false, \"children\": [{\"key\": \"PageInfo.hasNextPage\", \"name\": \"hasNextPage\", \"path\": \"pageInfo.hasNextPage\", \"type\": \"boolean\", \"label\": \"hasNextPage\", \"checked\": true, \"readonly\": false, \"required\": false, \"actualType\": \"boolean\", \"columnIndex\": 0, \"hasChildren\": false, \"indeterminate\": false, \"inputCategory\": false}], \"readonly\": false, \"required\": false, \"actualType\": \"document\", \"columnIndex\": 0, \"hasChildren\": true, \"referenceTo\": \"PageInfo\", \"indeterminate\": true, \"inputCategory\": false, \"relationshipName\": \"PageInfo\"}], \"dynamicFields\": [], \"externalFields\": [], \"referenceFields\": [], \"dynamicFieldsKeys\": []}",
    "null" : false
  },
  "config_json" : {
    "type" : "jsonb",
    "value" : "{\"batch\": false, \"count\": null, \"joins\": [], \"limit\": null, \"nulls\": \"\", \"where\": {\"predicates\": []}, \"action\": \"Query\", \"entity\": \"{\\\"name\\\":\\\"products\\\",\\\"hasChildren\\\":false,\\\"mainEntity\\\":true,\\\"type\\\":\\\"ProductConnection\\\"}\", \"uiConfig\": {\"keys\": [\"edges.node.description\", \"edges.node.id\", \"edges.node.publishedAt\", \"edges.node.title\", \"edges.node.totalInventory\", \"edges.node.featuredImage.url\", \"edges.node.featuredImage\", \"edges.node.priceRange.minVariantPrice.amount\", \"edges.node.priceRange.minVariantPrice.currencyCode\", \"edges.node.priceRange.minVariantPrice\", \"edges.node.priceRange\", \"edges.node\", \"edges\", \"pageInfo.hasNextPage\", \"pageInfo\"], \"limit\": false, \"where\": false, \"options\": {\"arguments\": [\"{\\\"key\\\":\\\"${PLUG_TAG}/first\\\",\\\"type\\\":\\\"integer\\\",\\\"title\\\":\\\"first\\\",\\\"dataElementType\\\":\\\"integer\\\",\\\"value\\\":{\\\"type\\\":\\\"integer\\\",\\\"requiredFlag\\\":false},\\\"entityType\\\":\\\"Int\\\",\\\"hasChildren\\\":false}\", \"{\\\"key\\\":\\\"${PLUG_TAG}/after\\\",\\\"type\\\":\\\"string\\\",\\\"title\\\":\\\"after\\\",\\\"dataElementType\\\":\\\"string\\\",\\\"value\\\":{\\\"type\\\":\\\"string\\\",\\\"requiredFlag\\\":false},\\\"entityType\\\":\\\"String\\\",\\\"hasChildren\\\":false}\", \"{\\\"key\\\":\\\"${PLUG_TAG}/last\\\",\\\"type\\\":\\\"integer\\\",\\\"title\\\":\\\"last\\\",\\\"dataElementType\\\":\\\"integer\\\",\\\"value\\\":{\\\"type\\\":\\\"integer\\\",\\\"requiredFlag\\\":false},\\\"entityType\\\":\\\"Int\\\",\\\"hasChildren\\\":false}\", \"{\\\"key\\\":\\\"${PLUG_TAG}/before\\\",\\\"type\\\":\\\"string\\\",\\\"title\\\":\\\"before\\\",\\\"dataElementType\\\":\\\"string\\\",\\\"value\\\":{\\\"type\\\":\\\"string\\\",\\\"requiredFlag\\\":false},\\\"entityType\\\":\\\"String\\\",\\\"hasChildren\\\":false}\", \"{\\\"key\\\":\\\"${PLUG_TAG}/reverse\\\",\\\"type\\\":\\\"boolean\\\",\\\"title\\\":\\\"reverse\\\",\\\"dataElementType\\\":\\\"boolean\\\",\\\"value\\\":{\\\"type\\\":\\\"boolean\\\",\\\"requiredFlag\\\":false},\\\"entityType\\\":\\\"Boolean\\\",\\\"hasChildren\\\":false}\", \"{\\\"key\\\":\\\"${PLUG_TAG}/sortKey\\\",\\\"type\\\":\\\"string\\\",\\\"title\\\":\\\"sortKey\\\",\\\"dataElementType\\\":\\\"string\\\",\\\"value\\\":{\\\"type\\\":\\\"string\\\",\\\"requiredFlag\\\":false,\\\"_enum\\\":[\\\"PRODUCT_TYPE\\\",\\\"PUBLISHED_AT\\\",\\\"CREATED_AT\\\",\\\"RELEVANCE\\\",\\\"VENDOR\\\",\\\"TITLE\\\",\\\"UPDATED_AT\\\",\\\"ID\\\",\\\"INVENTORY_TOTAL\\\"]},\\\"entityType\\\":\\\"ProductSortKeys\\\",\\\"hasChildren\\\":false}\", \"{\\\"key\\\":\\\"${PLUG_TAG}/query\\\",\\\"type\\\":\\\"string\\\",\\\"title\\\":\\\"query\\\",\\\"dataElementType\\\":\\\"string\\\",\\\"value\\\":{\\\"type\\\":\\\"string\\\",\\\"requiredFlag\\\":false},\\\"entityType\\\":\\\"String\\\",\\\"hasChildren\\\":false}\", \"{\\\"key\\\":\\\"${PLUG_TAG}/savedSearchId\\\",\\\"type\\\":\\\"string\\\",\\\"title\\\":\\\"savedSearchId\\\",\\\"dataElementType\\\":\\\"string\\\",\\\"value\\\":{\\\"type\\\":\\\"string\\\",\\\"requiredFlag\\\":false},\\\"entityType\\\":\\\"ID\\\",\\\"hasChildren\\\":false}\"]}, \"orderBy\": false, \"section\": {\"section1\": [{\"name\": \"first\", \"path\": \"first\", \"type\": \"integer\", \"label\": \"first\", \"checked\": true, \"readonly\": false, \"required\": false, \"actualType\": \"Int\", \"columnIndex\": 0, \"hasChildren\": false, \"referenceTo\": \"{\\\"key\\\":\\\"${PLUG_TAG}/first\\\",\\\"type\\\":\\\"integer\\\",\\\"title\\\":\\\"first\\\",\\\"dataElementType\\\":\\\"integer\\\",\\\"value\\\":{\\\"type\\\":\\\"integer\\\",\\\"requiredFlag\\\":false},\\\"entityType\\\":\\\"Int\\\",\\\"hasChildren\\\":false}\", \"indeterminate\": false, \"inputCategory\": false, \"dataElementPath\": \"first\"}, {\"name\": \"after\", \"path\": \"after\", \"type\": \"string\", \"label\": \"after\", \"checked\": false, \"readonly\": false, \"required\": false, \"actualType\": \"String\", \"columnIndex\": 0, \"hasChildren\": false, \"referenceTo\": \"{\\\"key\\\":\\\"${PLUG_TAG}/after\\\",\\\"type\\\":\\\"string\\\",\\\"title\\\":\\\"after\\\",\\\"dataElementType\\\":\\\"string\\\",\\\"value\\\":{\\\"type\\\":\\\"string\\\",\\\"requiredFlag\\\":false},\\\"entityType\\\":\\\"String\\\",\\\"hasChildren\\\":false}\", \"inputCategory\": false, \"dataElementPath\": \"after\"}, {\"name\": \"last\", \"path\": \"last\", \"type\": \"integer\", \"label\": \"last\", \"checked\": false, \"readonly\": false, \"required\": false, \"actualType\": \"Int\", \"columnIndex\": 0, \"hasChildren\": false, \"referenceTo\": \"{\\\"key\\\":\\\"${PLUG_TAG}/last\\\",\\\"type\\\":\\\"integer\\\",\\\"title\\\":\\\"last\\\",\\\"dataElementType\\\":\\\"integer\\\",\\\"value\\\":{\\\"type\\\":\\\"integer\\\",\\\"requiredFlag\\\":false},\\\"entityType\\\":\\\"Int\\\",\\\"hasChildren\\\":false}\", \"inputCategory\": false, \"dataElementPath\": \"last\"}, {\"name\": \"before\", \"path\": \"before\", \"type\": \"string\", \"label\": \"before\", \"checked\": false, \"readonly\": false, \"required\": false, \"actualType\": \"String\", \"columnIndex\": 0, \"hasChildren\": false, \"referenceTo\": \"{\\\"key\\\":\\\"${PLUG_TAG}/before\\\",\\\"type\\\":\\\"string\\\",\\\"title\\\":\\\"before\\\",\\\"dataElementType\\\":\\\"string\\\",\\\"value\\\":{\\\"type\\\":\\\"string\\\",\\\"requiredFlag\\\":false},\\\"entityType\\\":\\\"String\\\",\\\"hasChildren\\\":false}\", \"inputCategory\": false, \"dataElementPath\": \"before\"}, {\"name\": \"reverse\", \"path\": \"reverse\", \"type\": \"boolean\", \"label\": \"reverse\", \"checked\": false, \"readonly\": false, \"required\": false, \"actualType\": \"Boolean\", \"columnIndex\": 0, \"hasChildren\": false, \"referenceTo\": \"{\\\"key\\\":\\\"${PLUG_TAG}/reverse\\\",\\\"type\\\":\\\"boolean\\\",\\\"title\\\":\\\"reverse\\\",\\\"dataElementType\\\":\\\"boolean\\\",\\\"value\\\":{\\\"type\\\":\\\"boolean\\\",\\\"requiredFlag\\\":false},\\\"entityType\\\":\\\"Boolean\\\",\\\"hasChildren\\\":false}\", \"inputCategory\": false, \"dataElementPath\": \"reverse\"}, {\"name\": \"sortKey\", \"path\": \"sortKey\", \"type\": \"string\", \"label\": \"sortKey\", \"checked\": false, \"readonly\": false, \"required\": false, \"actualType\": \"ProductSortKeys\", \"columnIndex\": 0, \"hasChildren\": false, \"referenceTo\": \"{\\\"key\\\":\\\"${PLUG_TAG}/sortKey\\\",\\\"type\\\":\\\"string\\\",\\\"title\\\":\\\"sortKey\\\",\\\"dataElementType\\\":\\\"string\\\",\\\"value\\\":{\\\"type\\\":\\\"string\\\",\\\"requiredFlag\\\":false,\\\"_enum\\\":[\\\"PRODUCT_TYPE\\\",\\\"PUBLISHED_AT\\\",\\\"CREATED_AT\\\",\\\"RELEVANCE\\\",\\\"VENDOR\\\",\\\"TITLE\\\",\\\"UPDATED_AT\\\",\\\"ID\\\",\\\"INVENTORY_TOTAL\\\"]},\\\"entityType\\\":\\\"ProductSortKeys\\\",\\\"hasChildren\\\":false}\", \"inputCategory\": false, \"dataElementPath\": \"sortKey\"}, {\"name\": \"query\", \"path\": \"query\", \"type\": \"string\", \"label\": \"query\", \"checked\": false, \"readonly\": false, \"required\": false, \"actualType\": \"String\", \"columnIndex\": 0, \"hasChildren\": false, \"referenceTo\": \"{\\\"key\\\":\\\"${PLUG_TAG}/query\\\",\\\"type\\\":\\\"string\\\",\\\"title\\\":\\\"query\\\",\\\"dataElementType\\\":\\\"string\\\",\\\"value\\\":{\\\"type\\\":\\\"string\\\",\\\"requiredFlag\\\":false},\\\"entityType\\\":\\\"String\\\",\\\"hasChildren\\\":false}\", \"inputCategory\": false, \"dataElementPath\": \"query\"}, {\"name\": \"savedSearchId\", \"path\": \"savedSearchId\", \"type\": \"string\", \"label\": \"savedSearchId\", \"checked\": false, \"readonly\": false, \"required\": false, \"actualType\": \"ID\", \"columnIndex\": 0, \"hasChildren\": false, \"referenceTo\": \"{\\\"key\\\":\\\"${PLUG_TAG}/savedSearchId\\\",\\\"type\\\":\\\"string\\\",\\\"title\\\":\\\"savedSearchId\\\",\\\"dataElementType\\\":\\\"string\\\",\\\"value\\\":{\\\"type\\\":\\\"string\\\",\\\"requiredFlag\\\":false},\\\"entityType\\\":\\\"ID\\\",\\\"hasChildren\\\":false}\", \"inputCategory\": false, \"dataElementPath\": \"savedSearchId\"}]}, \"inputKeys\": [\"first\"], \"skippable\": false, \"inputFields\": {\"section1\": [{\"name\": \"first\", \"path\": \"first\", \"type\": \"integer\", \"label\": \"first\", \"checked\": true, \"readonly\": false, \"required\": false, \"actualType\": \"Int\", \"columnIndex\": 0, \"hasChildren\": false, \"referenceTo\": \"{\\\"key\\\":\\\"${PLUG_TAG}/first\\\",\\\"type\\\":\\\"integer\\\",\\\"title\\\":\\\"first\\\",\\\"dataElementType\\\":\\\"integer\\\",\\\"value\\\":{\\\"type\\\":\\\"integer\\\",\\\"requiredFlag\\\":false},\\\"entityType\\\":\\\"Int\\\",\\\"hasChildren\\\":false}\", \"indeterminate\": false, \"inputCategory\": false, \"dataElementPath\": \"first\"}, {\"name\": \"after\", \"path\": \"after\", \"type\": \"string\", \"label\": \"after\", \"checked\": false, \"readonly\": false, \"required\": false, \"actualType\": \"String\", \"columnIndex\": 0, \"hasChildren\": false, \"referenceTo\": \"{\\\"key\\\":\\\"${PLUG_TAG}/after\\\",\\\"type\\\":\\\"string\\\",\\\"title\\\":\\\"after\\\",\\\"dataElementType\\\":\\\"string\\\",\\\"value\\\":{\\\"type\\\":\\\"string\\\",\\\"requiredFlag\\\":false},\\\"entityType\\\":\\\"String\\\",\\\"hasChildren\\\":false}\", \"inputCategory\": false, \"dataElementPath\": \"after\"}, {\"name\": \"last\", \"path\": \"last\", \"type\": \"integer\", \"label\": \"last\", \"checked\": false, \"readonly\": false, \"required\": false, \"actualType\": \"Int\", \"columnIndex\": 0, \"hasChildren\": false, \"referenceTo\": \"{\\\"key\\\":\\\"${PLUG_TAG}/last\\\",\\\"type\\\":\\\"integer\\\",\\\"title\\\":\\\"last\\\",\\\"dataElementType\\\":\\\"integer\\\",\\\"value\\\":{\\\"type\\\":\\\"integer\\\",\\\"requiredFlag\\\":false},\\\"entityType\\\":\\\"Int\\\",\\\"hasChildren\\\":false}\", \"inputCategory\": false, \"dataElementPath\": \"last\"}, {\"name\": \"before\", \"path\": \"before\", \"type\": \"string\", \"label\": \"before\", \"checked\": false, \"readonly\": false, \"required\": false, \"actualType\": \"String\", \"columnIndex\": 0, \"hasChildren\": false, \"referenceTo\": \"{\\\"key\\\":\\\"${PLUG_TAG}/before\\\",\\\"type\\\":\\\"string\\\",\\\"title\\\":\\\"before\\\",\\\"dataElementType\\\":\\\"string\\\",\\\"value\\\":{\\\"type\\\":\\\"string\\\",\\\"requiredFlag\\\":false},\\\"entityType\\\":\\\"String\\\",\\\"hasChildren\\\":false}\", \"inputCategory\": false, \"dataElementPath\": \"before\"}, {\"name\": \"reverse\", \"path\": \"reverse\", \"type\": \"boolean\", \"label\": \"reverse\", \"checked\": false, \"readonly\": false, \"required\": false, \"actualType\": \"Boolean\", \"columnIndex\": 0, \"hasChildren\": false, \"referenceTo\": \"{\\\"key\\\":\\\"${PLUG_TAG}/reverse\\\",\\\"type\\\":\\\"boolean\\\",\\\"title\\\":\\\"reverse\\\",\\\"dataElementType\\\":\\\"boolean\\\",\\\"value\\\":{\\\"type\\\":\\\"boolean\\\",\\\"requiredFlag\\\":false},\\\"entityType\\\":\\\"Boolean\\\",\\\"hasChildren\\\":false}\", \"inputCategory\": false, \"dataElementPath\": \"reverse\"}, {\"name\": \"sortKey\", \"path\": \"sortKey\", \"type\": \"string\", \"label\": \"sortKey\", \"checked\": false, \"readonly\": false, \"required\": false, \"actualType\": \"ProductSortKeys\", \"columnIndex\": 0, \"hasChildren\": false, \"referenceTo\": \"{\\\"key\\\":\\\"${PLUG_TAG}/sortKey\\\",\\\"type\\\":\\\"string\\\",\\\"title\\\":\\\"sortKey\\\",\\\"dataElementType\\\":\\\"string\\\",\\\"value\\\":{\\\"type\\\":\\\"string\\\",\\\"requiredFlag\\\":false,\\\"_enum\\\":[\\\"PRODUCT_TYPE\\\",\\\"PUBLISHED_AT\\\",\\\"CREATED_AT\\\",\\\"RELEVANCE\\\",\\\"VENDOR\\\",\\\"TITLE\\\",\\\"UPDATED_AT\\\",\\\"ID\\\",\\\"INVENTORY_TOTAL\\\"]},\\\"entityType\\\":\\\"ProductSortKeys\\\",\\\"hasChildren\\\":false}\", \"inputCategory\": false, \"dataElementPath\": \"sortKey\"}, {\"name\": \"query\", \"path\": \"query\", \"type\": \"string\", \"label\": \"query\", \"checked\": false, \"readonly\": false, \"required\": false, \"actualType\": \"String\", \"columnIndex\": 0, \"hasChildren\": false, \"referenceTo\": \"{\\\"key\\\":\\\"${PLUG_TAG}/query\\\",\\\"type\\\":\\\"string\\\",\\\"title\\\":\\\"query\\\",\\\"dataElementType\\\":\\\"string\\\",\\\"value\\\":{\\\"type\\\":\\\"string\\\",\\\"requiredFlag\\\":false},\\\"entityType\\\":\\\"String\\\",\\\"hasChildren\\\":false}\", \"inputCategory\": false, \"dataElementPath\": \"query\"}, {\"name\": \"savedSearchId\", \"path\": \"savedSearchId\", \"type\": \"string\", \"label\": \"savedSearchId\", \"checked\": false, \"readonly\": false, \"required\": false, \"actualType\": \"ID\", \"columnIndex\": 0, \"hasChildren\": false, \"referenceTo\": \"{\\\"key\\\":\\\"${PLUG_TAG}/savedSearchId\\\",\\\"type\\\":\\\"string\\\",\\\"title\\\":\\\"savedSearchId\\\",\\\"dataElementType\\\":\\\"string\\\",\\\"value\\\":{\\\"type\\\":\\\"string\\\",\\\"requiredFlag\\\":false},\\\"entityType\\\":\\\"ID\\\",\\\"hasChildren\\\":false}\", \"inputCategory\": false, \"dataElementPath\": \"savedSearchId\"}]}, \"supportJoin\": false, \"disableFields\": false, \"metadataKeyName\": \"projections\", \"dynamicFieldsKeys\": [], \"selectedTableList\": [], \"batchConfiguration\": {\"skippable\": false, \"maxBatchSize\": 0, \"batchSupported\": false}, \"includeReferenceFields\": true, \"supportsExternalFields\": false, \"supportsReferenceFields\": false}, \"allOrNone\": false, \"inputKeys\": [\"first\"], \"inputFields\": {\"section1\": [{\"name\": \"first\", \"path\": \"first\", \"type\": \"integer\", \"label\": \"first\", \"checked\": true, \"readonly\": false, \"required\": false, \"actualType\": \"Int\", \"columnIndex\": 0, \"hasChildren\": false, \"referenceTo\": \"{\\\"key\\\":\\\"${PLUG_TAG}/first\\\",\\\"type\\\":\\\"integer\\\",\\\"title\\\":\\\"first\\\",\\\"dataElementType\\\":\\\"integer\\\",\\\"value\\\":{\\\"type\\\":\\\"integer\\\",\\\"requiredFlag\\\":false},\\\"entityType\\\":\\\"Int\\\",\\\"hasChildren\\\":false}\", \"indeterminate\": false, \"inputCategory\": false, \"dataElementPath\": \"first\"}]}, \"projections\": [{\"key\": \"ProductEdge.edges\", \"name\": \"edges\", \"path\": \"edges\", \"type\": \"documentArray\", \"label\": \"edges\", \"checked\": false, \"children\": [{\"key\": \"Product.node\", \"name\": \"node\", \"path\": \"edges.node\", \"type\": \"document\", \"label\": \"node\", \"checked\": false, \"children\": [{\"key\": \"Product.description\", \"name\": \"description\", \"path\": \"edges.node.description\", \"type\": \"document\", \"label\": \"description\", \"values\": [\"{\\\"key\\\":\\\"${PLUG_TAG}/truncateAt\\\",\\\"type\\\":\\\"integer\\\",\\\"title\\\":\\\"truncateAt\\\",\\\"dataElementType\\\":\\\"integer\\\",\\\"value\\\":{\\\"type\\\":\\\"integer\\\",\\\"requiredFlag\\\":false},\\\"entityType\\\":\\\"Int\\\",\\\"hasChildren\\\":false}\"], \"checked\": true, \"readonly\": false, \"required\": false, \"actualType\": \"string\", \"columnIndex\": 0, \"hasChildren\": false, \"indeterminate\": false, \"inputCategory\": false, \"refObjectExtFields\": [{\"name\": \"truncateAt\", \"type\": \"integer\", \"label\": \"truncateAt\", \"checked\": false, \"readonly\": false, \"required\": false, \"actualType\": \"Int\", \"columnIndex\": 0, \"hasChildren\": false, \"inputCategory\": true}]}, {\"key\": \"Product.id\", \"name\": \"id\", \"path\": \"edges.node.id\", \"type\": \"string\", \"label\": \"id\", \"checked\": true, \"readonly\": false, \"required\": false, \"actualType\": \"string\", \"columnIndex\": 0, \"hasChildren\": false, \"indeterminate\": false, \"inputCategory\": false}, {\"key\": \"Product.publishedAt\", \"name\": \"publishedAt\", \"path\": \"edges.node.publishedAt\", \"type\": \"string\", \"label\": \"publishedAt\", \"checked\": true, \"readonly\": false, \"required\": false, \"actualType\": \"string\", \"columnIndex\": 0, \"hasChildren\": false, \"indeterminate\": false, \"inputCategory\": false}, {\"key\": \"Product.title\", \"name\": \"title\", \"path\": \"edges.node.title\", \"type\": \"string\", \"label\": \"title\", \"checked\": true, \"readonly\": false, \"required\": false, \"actualType\": \"string\", \"columnIndex\": 0, \"hasChildren\": false, \"indeterminate\": false, \"inputCategory\": false}, {\"key\": \"Product.totalInventory\", \"name\": \"totalInventory\", \"path\": \"edges.node.totalInventory\", \"type\": \"integer\", \"label\": \"totalInventory\", \"checked\": true, \"readonly\": false, \"required\": false, \"actualType\": \"integer\", \"columnIndex\": 0, \"hasChildren\": false, \"indeterminate\": false, \"inputCategory\": false}, {\"key\": \"Image.featuredImage\", \"name\": \"featuredImage\", \"path\": \"edges.node.featuredImage\", \"type\": \"document\", \"label\": \"featuredImage\", \"checked\": false, \"children\": [{\"key\": \"Image.url\", \"name\": \"url\", \"path\": \"edges.node.featuredImage.url\", \"type\": \"document\", \"label\": \"url\", \"values\": [\"{\\\"key\\\":\\\"${PLUG_TAG}/transform\\\",\\\"type\\\":\\\"document\\\",\\\"title\\\":\\\"transform\\\",\\\"dataElementType\\\":\\\"document\\\",\\\"value\\\":{\\\"type\\\":\\\"document\\\",\\\"requiredFlag\\\":false},\\\"entityType\\\":\\\"ImageTransformInput\\\",\\\"hasChildren\\\":true,\\\"children\\\":[{\\\"key\\\":\\\"${PLUG_TAG}/transform/crop\\\",\\\"type\\\":\\\"string\\\",\\\"title\\\":\\\"crop\\\",\\\"dataElementType\\\":\\\"string\\\",\\\"value\\\":{\\\"type\\\":\\\"string\\\",\\\"requiredFlag\\\":false,\\\"_enum\\\":[\\\"CENTER\\\",\\\"TOP\\\",\\\"LEFT\\\",\\\"RIGHT\\\",\\\"BOTTOM\\\"]},\\\"entityType\\\":\\\"CropRegion\\\",\\\"hasChildren\\\":false},{\\\"key\\\":\\\"${PLUG_TAG}/transform/maxWidth\\\",\\\"type\\\":\\\"integer\\\",\\\"title\\\":\\\"maxWidth\\\",\\\"dataElementType\\\":\\\"integer\\\",\\\"value\\\":{\\\"type\\\":\\\"integer\\\",\\\"requiredFlag\\\":false},\\\"entityType\\\":\\\"Int\\\",\\\"hasChildren\\\":false},{\\\"key\\\":\\\"${PLUG_TAG}/transform/maxHeight\\\",\\\"type\\\":\\\"integer\\\",\\\"title\\\":\\\"maxHeight\\\",\\\"dataElementType\\\":\\\"integer\\\",\\\"value\\\":{\\\"type\\\":\\\"integer\\\",\\\"requiredFlag\\\":false},\\\"entityType\\\":\\\"Int\\\",\\\"hasChildren\\\":false},{\\\"key\\\":\\\"${PLUG_TAG}/transform/scale\\\",\\\"type\\\":\\\"integer\\\",\\\"title\\\":\\\"scale\\\",\\\"dataElementType\\\":\\\"integer\\\",\\\"value\\\":{\\\"type\\\":\\\"integer\\\",\\\"requiredFlag\\\":false},\\\"entityType\\\":\\\"Int\\\",\\\"hasChildren\\\":false},{\\\"key\\\":\\\"${PLUG_TAG}/transform/preferredContentType\\\",\\\"type\\\":\\\"string\\\",\\\"title\\\":\\\"preferredContentType\\\",\\\"dataElementType\\\":\\\"string\\\",\\\"value\\\":{\\\"type\\\":\\\"string\\\",\\\"requiredFlag\\\":false,\\\"_enum\\\":[\\\"JPG\\\",\\\"WEBP\\\",\\\"PNG\\\"]},\\\"entityType\\\":\\\"ImageContentType\\\",\\\"hasChildren\\\":false}]}\"], \"checked\": true, \"readonly\": false, \"required\": false, \"actualType\": \"string\", \"columnIndex\": 0, \"hasChildren\": false, \"indeterminate\": false, \"inputCategory\": false, \"refObjectExtFields\": [{\"name\": \"transform\", \"type\": \"document\", \"label\": \"transform\", \"checked\": false, \"children\": [{\"name\": \"crop\", \"type\": \"string\", \"label\": \"crop\", \"checked\": false, \"readonly\": false, \"required\": false, \"actualType\": \"CropRegion\", \"columnIndex\": 0, \"hasChildren\": false, \"inputCategory\": true}, {\"name\": \"maxWidth\", \"type\": \"integer\", \"label\": \"maxWidth\", \"checked\": false, \"readonly\": false, \"required\": false, \"actualType\": \"Int\", \"columnIndex\": 0, \"hasChildren\": false, \"inputCategory\": true}, {\"name\": \"maxHeight\", \"type\": \"integer\", \"label\": \"maxHeight\", \"checked\": false, \"readonly\": false, \"required\": false, \"actualType\": \"Int\", \"columnIndex\": 0, \"hasChildren\": false, \"inputCategory\": true}, {\"name\": \"scale\", \"type\": \"integer\", \"label\": \"scale\", \"checked\": false, \"readonly\": false, \"required\": false, \"actualType\": \"Int\", \"columnIndex\": 0, \"hasChildren\": false, \"inputCategory\": true}, {\"name\": \"preferredContentType\", \"type\": \"string\", \"label\": \"preferredContentType\", \"checked\": false, \"readonly\": false, \"required\": false, \"actualType\": \"ImageContentType\", \"columnIndex\": 0, \"hasChildren\": false, \"inputCategory\": true}], \"readonly\": false, \"required\": false, \"actualType\": \"ImageTransformInput\", \"columnIndex\": 0, \"hasChildren\": true, \"inputCategory\": true}]}], \"readonly\": false, \"required\": false, \"actualType\": \"document\", \"columnIndex\": 0, \"hasChildren\": true, \"referenceTo\": \"Image\", \"indeterminate\": true, \"inputCategory\": false, \"relationshipName\": \"Image\"}, {\"key\": \"ProductPriceRange.priceRange\", \"name\": \"priceRange\", \"path\": \"edges.node.priceRange\", \"type\": \"document\", \"label\": \"priceRange\", \"checked\": false, \"children\": [{\"key\": \"MoneyV2.minVariantPrice\", \"name\": \"minVariantPrice\", \"path\": \"edges.node.priceRange.minVariantPrice\", \"type\": \"document\", \"label\": \"minVariantPrice\", \"checked\": true, \"children\": [{\"key\": \"MoneyV2.amount\", \"name\": \"amount\", \"path\": \"edges.node.priceRange.minVariantPrice.amount\", \"type\": \"string\", \"label\": \"amount\", \"checked\": true, \"readonly\": false, \"required\": false, \"actualType\": \"string\", \"columnIndex\": 0, \"hasChildren\": false, \"indeterminate\": false, \"inputCategory\": false}, {\"key\": \"MoneyV2.currencyCode\", \"name\": \"currencyCode\", \"path\": \"edges.node.priceRange.minVariantPrice.currencyCode\", \"type\": \"string\", \"label\": \"currencyCode\", \"checked\": true, \"readonly\": false, \"required\": false, \"actualType\": \"string\", \"columnIndex\": 0, \"hasChildren\": false, \"indeterminate\": false, \"inputCategory\": false}], \"readonly\": false, \"required\": false, \"actualType\": \"document\", \"columnIndex\": 0, \"hasChildren\": true, \"referenceTo\": \"MoneyV2\", \"indeterminate\": false, \"inputCategory\": false, \"relationshipName\": \"MoneyV2\"}], \"readonly\": false, \"required\": false, \"actualType\": \"document\", \"columnIndex\": 0, \"hasChildren\": true, \"referenceTo\": \"ProductPriceRange\", \"indeterminate\": true, \"inputCategory\": false, \"relationshipName\": \"ProductPriceRange\"}], \"readonly\": false, \"required\": false, \"actualType\": \"document\", \"columnIndex\": 0, \"hasChildren\": true, \"referenceTo\": \"Product\", \"indeterminate\": true, \"inputCategory\": false, \"relationshipName\": \"Product\"}], \"readonly\": false, \"required\": false, \"actualType\": \"documentArray\", \"columnIndex\": 0, \"hasChildren\": true, \"referenceTo\": \"ProductEdge\", \"indeterminate\": true, \"inputCategory\": false, \"relationshipName\": \"ProductEdge\"}, {\"key\": \"PageInfo.pageInfo\", \"name\": \"pageInfo\", \"path\": \"pageInfo\", \"type\": \"document\", \"label\": \"pageInfo\", \"checked\": false, \"children\": [{\"key\": \"PageInfo.hasNextPage\", \"name\": \"hasNextPage\", \"path\": \"pageInfo.hasNextPage\", \"type\": \"boolean\", \"label\": \"hasNextPage\", \"checked\": true, \"readonly\": false, \"required\": false, \"actualType\": \"boolean\", \"columnIndex\": 0, \"hasChildren\": false, \"indeterminate\": false, \"inputCategory\": false}], \"readonly\": false, \"required\": false, \"actualType\": \"document\", \"columnIndex\": 0, \"hasChildren\": true, \"referenceTo\": \"PageInfo\", \"indeterminate\": true, \"inputCategory\": false, \"relationshipName\": \"PageInfo\"}], \"dynamicFields\": [], \"externalFields\": [], \"referenceFields\": [], \"dynamicFieldsKeys\": []}",
    "null" : false
  },
  "display_query" : "query ($products_first: Int, $products_after: String, $products_last: Int, $products_before: String, $products_reverse: Boolean, $products_sortKey: ProductSortKeys, $products_query: String, $products_savedSearchId: ID, $products_edges_node_description_truncateAt: Int, $products_edges_node_featuredImage_url_transform: ImageTransformInput) {\n  products(first: $products_first, after: $products_after, last: $products_last, before: $products_before, reverse: $products_reverse, sortKey: $products_sortKey, query: $products_query, savedSearchId: $products_savedSearchId) {\n    pageInfo {\n      hasNextPage\n    }\n    edges {\n      node {\n        priceRange {\n          minVariantPrice {\n            currencyCode\n            amount\n          }\n        }\n        publishedAt\n        description(truncateAt: $products_edges_node_description_truncateAt)\n        totalInventory\n        id\n        title\n        featuredImage {\n          url(transform: $products_edges_node_featuredImage_url_transform)\n        }\n      }\n    }\n  }\n}\n",
  "input_structure" : {
    "type" : "jsonb",
    "value" : "[{\"key\": \"/Shopify Query productsInput\", \"type\": \"object\", \"order\": 1.0, \"title\": \"Shopify Query productsInput\", \"value\": {\"type\": \"object\"}, \"children\": [{\"key\": \"/Shopify Query productsInput/products\", \"order\": 2.0, \"title\": \"products\", \"children\": [{\"key\": \"/Shopify Query productsInput/products/first\", \"type\": \"integer\", \"order\": 3.0, \"title\": \"first\", \"value\": {\"type\": \"integer\", \"requiredFlag\": false}, \"entityType\": \"Int\", \"hasChildren\": false, \"dataElementType\": \"integer\"}], \"hasChildren\": true, \"dataElementType\": \"document\"}], \"hasChildren\": false, \"dataElementType\": \"document\", \"allRequiredNodes\": []}]",
    "null" : false
  },
  "output_structure" : {
    "type" : "jsonb",
    "value" : "[{\"key\": \"/Shopify Query productsOutput\", \"type\": \"object\", \"order\": 1.0, \"title\": \"Shopify Query productsOutput\", \"value\": {\"type\": \"object\"}, \"children\": [{\"key\": \"/Shopify Query productsOutput/success\", \"type\": \"boolean\", \"order\": 2.0, \"title\": \"success\", \"value\": {\"type\": \"boolean\"}, \"children\": [], \"hasChildren\": false, \"dataElementType\": \"boolean\"}, {\"key\": \"/Shopify Query productsOutput/statusCode\", \"type\": \"number\", \"order\": 3.0, \"title\": \"statusCode\", \"value\": {\"type\": \"number\"}, \"children\": [], \"hasChildren\": false, \"dataElementType\": \"number\"}, {\"key\": \"/Shopify Query productsOutput/response\", \"type\": \"object\", \"order\": 4.0, \"title\": \"response\", \"value\": {\"type\": \"object\"}, \"children\": [{\"key\": \"/Shopify Query productsOutput/response/data\", \"type\": \"object\", \"order\": 5.0, \"title\": \"data\", \"value\": {\"type\": \"object\"}, \"children\": [{\"key\": \"/Shopify Query productsOutput/response/data/products\", \"type\": \"object\", \"order\": 6.0, \"title\": \"products\", \"value\": {\"type\": \"object\"}, \"children\": [{\"key\": \"/Shopify Query productsOutput/response/data/products/edges[]\", \"type\": \"array\", \"order\": 7.0, \"title\": \"edges\", \"value\": {\"type\": \"array\"}, \"children\": [{\"key\": \"/Shopify Query productsOutput/response/data/products/edges[]/node\", \"type\": \"object\", \"order\": 8.0, \"title\": \"node\", \"value\": {\"type\": \"object\"}, \"children\": [{\"key\": \"/Shopify Query productsOutput/response/data/products/edges[]/node/description\", \"type\": \"object\", \"order\": 9.0, \"title\": \"description\", \"value\": {\"type\": \"object\"}, \"children\": [], \"hasChildren\": false, \"dataElementType\": \"string\"}, {\"key\": \"/Shopify Query productsOutput/response/data/products/edges[]/node/id\", \"type\": \"string\", \"order\": 10.0, \"title\": \"id\", \"value\": {\"type\": \"string\"}, \"children\": [], \"hasChildren\": false, \"dataElementType\": \"string\"}, {\"key\": \"/Shopify Query productsOutput/response/data/products/edges[]/node/publishedAt\", \"type\": \"string\", \"order\": 11.0, \"title\": \"publishedAt\", \"value\": {\"type\": \"string\"}, \"children\": [], \"hasChildren\": false, \"dataElementType\": \"string\"}, {\"key\": \"/Shopify Query productsOutput/response/data/products/edges[]/node/title\", \"type\": \"string\", \"order\": 12.0, \"title\": \"title\", \"value\": {\"type\": \"string\"}, \"children\": [], \"hasChildren\": false, \"dataElementType\": \"string\"}, {\"key\": \"/Shopify Query productsOutput/response/data/products/edges[]/node/totalInventory\", \"type\": \"integer\", \"order\": 13.0, \"title\": \"totalInventory\", \"value\": {\"type\": \"integer\"}, \"children\": [], \"hasChildren\": false, \"dataElementType\": \"integer\"}, {\"key\": \"/Shopify Query productsOutput/response/data/products/edges[]/node/featuredImage\", \"type\": \"object\", \"order\": 14.0, \"title\": \"featuredImage\", \"value\": {\"type\": \"object\"}, \"children\": [{\"key\": \"/Shopify Query productsOutput/response/data/products/edges[]/node/featuredImage/url\", \"type\": \"object\", \"order\": 15.0, \"title\": \"url\", \"value\": {\"type\": \"object\"}, \"children\": [], \"hasChildren\": false, \"dataElementType\": \"string\"}], \"hasChildren\": true, \"dataElementType\": \"document\"}, {\"key\": \"/Shopify Query productsOutput/response/data/products/edges[]/node/priceRange\", \"type\": \"object\", \"order\": 16.0, \"title\": \"priceRange\", \"value\": {\"type\": \"object\"}, \"children\": [{\"key\": \"/Shopify Query productsOutput/response/data/products/edges[]/node/priceRange/minVariantPrice\", \"type\": \"object\", \"order\": 17.0, \"title\": \"minVariantPrice\", \"value\": {\"type\": \"object\"}, \"children\": [{\"key\": \"/Shopify Query productsOutput/response/data/products/edges[]/node/priceRange/minVariantPrice/amount\", \"type\": \"string\", \"order\": 18.0, \"title\": \"amount\", \"value\": {\"type\": \"string\"}, \"children\": [], \"hasChildren\": false, \"dataElementType\": \"string\"}, {\"key\": \"/Shopify Query productsOutput/response/data/products/edges[]/node/priceRange/minVariantPrice/currencyCode\", \"type\": \"string\", \"order\": 19.0, \"title\": \"currencyCode\", \"value\": {\"type\": \"string\"}, \"children\": [], \"hasChildren\": false, \"dataElementType\": \"string\"}], \"hasChildren\": true, \"dataElementType\": \"document\"}], \"hasChildren\": true, \"dataElementType\": \"document\"}], \"hasChildren\": true, \"dataElementType\": \"document\"}], \"hasChildren\": true, \"dataElementType\": \"documentArray\"}, {\"key\": \"/Shopify Query productsOutput/response/data/products/pageInfo\", \"type\": \"object\", \"order\": 20.0, \"title\": \"pageInfo\", \"value\": {\"type\": \"object\"}, \"children\": [{\"key\": \"/Shopify Query productsOutput/response/data/products/pageInfo/hasNextPage\", \"type\": \"boolean\", \"order\": 21.0, \"title\": \"hasNextPage\", \"value\": {\"type\": \"boolean\"}, \"children\": [], \"hasChildren\": false, \"dataElementType\": \"boolean\"}], \"hasChildren\": true, \"dataElementType\": \"document\"}], \"hasChildren\": true, \"dataElementType\": \"document\"}], \"hasChildren\": true, \"dataElementType\": \"document\"}, {\"key\": \"/Shopify Query productsOutput/response/errors\", \"type\": \"object\", \"order\": 22.0, \"title\": \"errors\", \"value\": {\"type\": \"object\"}, \"children\": [], \"hasChildren\": false, \"dataElementType\": \"documentArray\"}, {\"key\": \"/Shopify Query productsOutput/response/extensions\", \"type\": \"object\", \"order\": 23.0, \"title\": \"extensions\", \"value\": {\"type\": \"object\"}, \"children\": [], \"hasChildren\": false, \"dataElementType\": \"document\"}], \"hasChildren\": true, \"dataElementType\": \"document\"}, {\"key\": \"/Shopify Query productsOutput/errors\", \"type\": \"object\", \"order\": 24.0, \"title\": \"errors\", \"value\": {\"type\": \"object\"}, \"children\": [{\"key\": \"/Shopify Query productsOutput/errors/error\", \"type\": \"object\", \"order\": 25.0, \"title\": \"error\", \"value\": {\"type\": \"object\"}, \"children\": [{\"key\": \"/Shopify Query productsOutput/errors/error/message\", \"type\": \"string\", \"order\": 26.0, \"title\": \"message\", \"value\": {\"type\": \"string\"}, \"children\": [], \"hasChildren\": false, \"dataElementType\": \"string\"}, {\"key\": \"/Shopify Query productsOutput/errors/error/code\", \"type\": \"string\", \"order\": 27.0, \"title\": \"code\", \"value\": {\"type\": \"string\"}, \"children\": [], \"hasChildren\": false, \"dataElementType\": \"string\"}], \"hasChildren\": true, \"dataElementType\": \"document\"}], \"hasChildren\": true, \"dataElementType\": \"document\"}, {\"key\": \"/Shopify Query productsOutput/responseHeaders\", \"type\": \"object\", \"order\": 28.0, \"title\": \"responseHeaders\", \"value\": {\"type\": \"object\"}, \"children\": [], \"hasChildren\": false, \"dataElementType\": \"document\"}], \"hasChildren\": true, \"dataElementType\": \"document\"}]",
    "null" : false
  },
  "description" : "",
  "comments" : "",
  "db_query" : "query ($products_first: Int, $products_after: String, $products_last: Int, $products_before: String, $products_reverse: Boolean, $products_sortKey: ProductSortKeys, $products_query: String, $products_savedSearchId: ID, $products_edges_node_description_truncateAt: Int, $products_edges_node_featuredImage_url_transform: ImageTransformInput) {\n  products(first: $products_first, after: $products_after, last: $products_last, before: $products_before, reverse: $products_reverse, sortKey: $products_sortKey, query: $products_query, savedSearchId: $products_savedSearchId) {\n    pageInfo {\n      hasNextPage\n    }\n    edges {\n      node {\n        priceRange {\n          minVariantPrice {\n            currencyCode\n            amount\n          }\n        }\n        publishedAt\n        description(truncateAt: $products_edges_node_description_truncateAt)\n        totalInventory\n        id\n        title\n        featuredImage {\n          url(transform: $products_edges_node_featuredImage_url_transform)\n        }\n      }\n    }\n  }\n}\n",
  "tag" : "EMPTY",
  "active" : true,
  "is_changed" : false,
  "endpoint_tag" : "EMPTY",
  "endpoint_project_id" : "a96c85f1-5686-4569-a816-249365ad8006",
  "endpoint_project_tag" : "EMPTY",
  "comment" : null,
  "input_data_object_id" : null,
  "input_data_object_tag" : "EMPTY",
  "input_data_object_project_id" : null,
  "input_data_object_project_tag" : "EMPTY",
  "output_data_object_id" : null,
  "output_data_object_tag" : "EMPTY",
  "output_data_object_project_id" : null,
  "output_data_object_project_tag" : "EMPTY",
  "base_tag" : "V5",
  "endpoint_project_mode_id" : "112c1cb8-4b9e-4d1a-a042-0bd031dc7d05",
  "input_data_object_project_mode_id" : "112c1cb8-4b9e-4d1a-a042-0bd031dc7d05",
  "output_data_object_project_mode_id" : "112c1cb8-4b9e-4d1a-a042-0bd031dc7d05",
  "test_input" : {
    "type" : "jsonb",
    "value" : "{}",
    "null" : false
  },
  "test_input_structure" : {
    "type" : "jsonb",
    "value" : "[{\"key\": \"/Shopify Query productsInput\", \"type\": \"object\", \"order\": 1.0, \"title\": \"Shopify Query productsInput\", \"value\": {\"type\": \"object\"}, \"children\": [{\"key\": \"/Shopify Query productsInput/products\", \"order\": 2.0, \"title\": \"products\", \"children\": [{\"key\": \"/Shopify Query productsInput/products/first\", \"type\": \"integer\", \"order\": 3.0, \"title\": \"first\", \"value\": {\"type\": \"integer\", \"requiredFlag\": false}, \"entityType\": \"Int\", \"hasChildren\": false, \"dataElementType\": \"integer\"}], \"hasChildren\": true, \"dataElementType\": \"document\"}], \"hasChildren\": false, \"dataElementType\": \"document\", \"allRequiredNodes\": []}]",
    "null" : false
  }
}