{
  "component_config_id" : "f3da365e-02f7-4731-8aa8-357cef36394c",
  "endpoint_config_json" : {
    "type" : "jsonb",
    "value" : "{\"crossRef\": [], \"services\": [], \"multistep\": [], \"operations\": []}",
    "null" : false
  },
  "input_config_json" : {
    "type" : "jsonb",
    "value" : "{\"crossRef\": [], \"services\": [], \"multistep\": [], \"operations\": []}",
    "null" : false
  },
  "output_config_json" : {
    "type" : "jsonb",
    "value" : "{\"crossRef\": [], \"services\": [], \"multistep\": [{\"id\": \"fe8d2376-7725-4b35-a72e-979f3a8ba47e\"}], \"operations\": [{\"transformer\": {\"id\": \"9388be09-22be-421f-bb99-744acf6dbac2\", \"name\": \"Custom\", \"type\": \"multistep\", \"query\": null, \"inputs\": [{\"id\": \"069d3d43-006e-438d-9d5e-b85f18e44a63\", \"root\": false, \"type\": \"map\", \"cached\": false, \"source\": \"/shopifyOrderCreationWHPayload/shipping_address/last_name\", \"target\": \"/input/lastName\", \"mapNull\": false, \"disabled\": false, \"extractXml\": false, \"extractJson\": false, \"mapEmptyString\": false, \"sourceJavaType\": \"java.lang.String\", \"targetJavaType\": \"java.lang.String\"}, {\"id\": \"b117761b-230a-4b8b-b983-efccbcba25b5\", \"root\": false, \"type\": \"map\", \"cached\": false, \"source\": \"/shopifyOrderCreationWHPayload/shipping_address/first_name\", \"target\": \"/input/firstName\", \"mapNull\": false, \"disabled\": false, \"extractXml\": false, \"extractJson\": false, \"mapEmptyString\": false, \"sourceJavaType\": \"java.lang.String\", \"targetJavaType\": \"java.lang.String\"}], \"outputs\": [{\"id\": \"7247d6ea-0f59-4d24-aef4-44bd70bec310\", \"root\": false, \"type\": \"map\", \"cached\": false, \"source\": \"/output/fullName\", \"target\": \"/shopifyOrderCSVRow/customer_name\", \"mapNull\": false, \"disabled\": false, \"extractXml\": false, \"extractJson\": false, \"targetOrder\": 7.0, \"mapEmptyString\": false, \"sourceJavaType\": \"java.lang.String\", \"targetJavaType\": \"java.lang.String\"}], \"tableId\": null, \"configId\": \"fe8d2376-7725-4b35-a72e-979f3a8ba47e\", \"disabled\": false, \"serviceId\": null, \"expression\": null}}, {\"transformer\": {\"id\": \"46770210-97bc-4cc4-8fb4-2a7f3b2a90dc\", \"name\": \"MATH_ADD_INTS\", \"type\": \"Math\", \"query\": null, \"inputs\": [{\"id\": \"9d4e1513-87a2-43f8-b7d4-28df07ce15d3\", \"root\": false, \"type\": \"map\", \"cached\": false, \"source\": \"/iterator\", \"target\": \"/MATH_ADD_INTS_INPUT/num1\", \"mapNull\": false, \"disabled\": false, \"extractXml\": false, \"extractJson\": false, \"mapEmptyString\": false, \"sourceJavaType\": \"java.lang.Integer\", \"targetJavaType\": \"java.lang.Integer\"}, {\"id\": \"4b552b99-03f1-4ebb-b396-80dcacc7466e\", \"root\": false, \"type\": \"setValue\", \"cached\": false, \"target\": \"/MATH_ADD_INTS_INPUT/num2\", \"mapNull\": false, \"disabled\": false, \"extractXml\": false, \"extractJson\": false, \"targetValue\": \"1\", \"mapEmptyString\": false, \"targetJavaType\": \"java.lang.Integer\", \"variableSubstitution\": false}], \"outputs\": [{\"id\": \"227e0e1e-c776-499f-b3b4-560a21759dbb\", \"root\": false, \"type\": \"map\", \"cached\": false, \"source\": \"/MATH_ADD_INTS_OUTPUT/output\", \"target\": \"/shopifyOrderCSVRow/﻿item_num\", \"mapNull\": false, \"disabled\": false, \"extractXml\": false, \"extractJson\": false, \"targetOrder\": 2.0, \"mapEmptyString\": false, \"sourceJavaType\": \"java.lang.Integer\", \"targetJavaType\": \"java.lang.String\"}], \"tableId\": null, \"configId\": null, \"disabled\": false, \"serviceId\": null, \"expression\": null}}, {\"map\": {\"id\": \"5cc1082e-a230-409e-95ca-953f06fa319c\", \"root\": false, \"type\": \"map\", \"cached\": false, \"source\": \"/shopifyOrderCreationWHPayload/line_items/id\", \"target\": \"/shopifyOrderCSVRow/itemId\", \"mapNull\": false, \"disabled\": false, \"extractXml\": false, \"extractJson\": false, \"targetOrder\": 3.0, \"mapEmptyString\": false, \"sourceJavaType\": \"java.lang.Integer\", \"targetJavaType\": \"java.lang.String\"}}, {\"map\": {\"id\": \"97f4b287-91f6-4a63-b7d5-d1382a45975c\", \"root\": false, \"type\": \"map\", \"cached\": false, \"source\": \"/shopifyOrderCreationWHPayload/line_items/current_quantity\", \"target\": \"/shopifyOrderCSVRow/quantity\", \"mapNull\": false, \"disabled\": false, \"extractXml\": false, \"extractJson\": false, \"targetOrder\": 4.0, \"mapEmptyString\": false, \"sourceJavaType\": \"java.lang.Integer\", \"targetJavaType\": \"java.lang.String\"}}, {\"map\": {\"id\": \"853f3730-d22a-454f-bc01-30dda235d698\", \"root\": false, \"type\": \"map\", \"cached\": false, \"source\": \"/shopifyOrderCreationWHPayload/line_items/price\", \"target\": \"/shopifyOrderCSVRow/price\", \"mapNull\": false, \"disabled\": false, \"extractXml\": false, \"extractJson\": false, \"targetOrder\": 6.0, \"mapEmptyString\": false, \"sourceJavaType\": \"java.lang.String\", \"targetJavaType\": \"java.lang.String\"}}, {\"map\": {\"id\": \"7ba6b208-c46a-4a1a-a79a-6c29da13a0a6\", \"root\": false, \"type\": \"map\", \"cached\": false, \"source\": \"/shopifyOrderCreationWHPayload/line_items/name\", \"target\": \"/shopifyOrderCSVRow/name\", \"mapNull\": false, \"disabled\": false, \"extractXml\": false, \"extractJson\": false, \"targetOrder\": 5.0, \"mapEmptyString\": false, \"sourceJavaType\": \"java.lang.String\", \"targetJavaType\": \"java.lang.String\"}}, {\"map\": {\"id\": \"c6a2f866-681e-4a9c-9a8a-da1b6c1e3f06\", \"root\": false, \"type\": \"map\", \"cached\": false, \"source\": \"/shopifyOrderCreationWHPayload/created_at\", \"target\": \"/shopifyOrderCSVRow/created_at\", \"mapNull\": false, \"disabled\": false, \"extractXml\": false, \"extractJson\": false, \"targetOrder\": 11.0, \"mapEmptyString\": false, \"sourceJavaType\": \"java.lang.String\", \"targetJavaType\": \"java.lang.String\"}}, {\"map\": {\"id\": \"724247ba-e3d0-4619-bc80-24ddd747ff2c\", \"root\": false, \"type\": \"map\", \"cached\": false, \"source\": \"/shopifyOrderCreationWHPayload/id\", \"target\": \"/shopifyOrderCSVRow/order_num\", \"mapNull\": false, \"disabled\": false, \"extractXml\": false, \"extractJson\": false, \"targetOrder\": 10.0, \"mapEmptyString\": false, \"sourceJavaType\": \"java.lang.Integer\", \"targetJavaType\": \"java.lang.String\"}}, {\"map\": {\"id\": \"4c280598-a16b-42e1-a8c5-4989cbf88668\", \"root\": false, \"type\": \"map\", \"cached\": false, \"source\": \"/shopifyOrderCreationWHPayload/contact_email\", \"target\": \"/shopifyOrderCSVRow/customer_email\", \"mapNull\": false, \"disabled\": false, \"extractXml\": false, \"extractJson\": false, \"targetOrder\": 8.0, \"mapEmptyString\": false, \"sourceJavaType\": \"java.lang.String\", \"targetJavaType\": \"java.lang.String\"}}, {\"map\": {\"id\": \"a089e74b-31e9-4842-965c-dd5395906ce9\", \"root\": false, \"type\": \"map\", \"cached\": false, \"source\": \"/shopifyOrderCreationWHPayload/shipping_address/address1\", \"target\": \"/shopifyOrderCSVRow/shipping_address\", \"mapNull\": false, \"disabled\": false, \"extractXml\": false, \"extractJson\": false, \"targetOrder\": 9.0, \"mapEmptyString\": false, \"sourceJavaType\": \"java.lang.String\", \"targetJavaType\": \"java.lang.String\"}}]}",
    "null" : false
  },
  "component_id" : "8ac5fe03-27a2-4e6a-a449-6a8893818223",
  "service_id" : "7feaab5a-4799-4c14-b4f2-cddc45e19247",
  "endpoint_id" : null,
  "parent_component_config_id" : "ebfe53e8-7269-41a8-9472-9fa8b80038db",
  "component_config_order" : 3.0,
  "action_id" : "06843b78-eab0-45da-afab-8c8277d7553f",
  "name" : "Create CSV Row",
  "description" : "",
  "override_endpoint" : false,
  "input_structure_json" : {
    "type" : "jsonb",
    "value" : "{\"maps\": [], \"mappedNodes\": [\"/shopifyOrderCreationWHPayload/line_items/id pipeIn\", \"/shopifyOrderCSVRow/itemIdpipeOut\", \"/shopifyOrderCreationWHPayload/line_items/current_quantity pipeIn\", \"/shopifyOrderCSVRow/quantitypipeOut\", \"/shopifyOrderCreationWHPayload/line_items/name pipeIn\", \"/shopifyOrderCSVRow/namepipeOut\", \"/shopifyOrderCreationWHPayload/created_at pipeIn\", \"/shopifyOrderCSVRow/created_atpipeOut\", \"/shopifyOrderCreationWHPayload/id pipeIn\", \"/shopifyOrderCSVRow/order_numpipeOut\", \"/shopifyOrderCreationWHPayload/shipping_address/first_name pipeIn\", \"/input/firstName0\", \"/shopifyOrderCreationWHPayload/shipping_address/last_name pipeIn\", \"/input/lastName0\", \"/output/fullName0\", \"/shopifyOrderCSVRow/customer_namepipeOut\", \"/input/address1\", \"/input/city1\", \"/input/zip1\", \"/input/country1\", \"/output/fullAddress1\", \"/shopifyOrderCreationWHPayload/contact_email pipeIn\", \"/shopifyOrderCreationWHPayload/shipping_address/address1 pipeIn\", \"/shopifyOrderCSVRow/shipping_addresspipeOut\", \"/iterator pipeIn\", \"/MATH_ADD_INTS_INPUT/num11\", \"/MATH_ADD_INTS_INPUT/num2\", \"/MATH_ADD_INTS_INPUT\", \"/MATH_ADD_INTS_OUTPUT/output1\", \"/shopifyOrderCSVRow/﻿item_numpipeOut\"]}",
    "null" : false
  },
  "output_structure_json" : {
    "type" : "jsonb",
    "value" : "{\"maps\": [{\"/shopifyOrderCSVRow/itemId\": [{\"type\": \"map\", \"source\": {\"path\": \"/shopifyOrderCreationWHPayload/line_items/id\", \"title\": \"id\", \"dataElementType\": \"integer\"}, \"target\": {\"path\": \"/shopifyOrderCSVRow/itemId\", \"order\": 3, \"title\": \"itemId\", \"dataElementType\": \"string\"}, \"mapCondition\": {\"isConditionSet\": false, \"sourceTreeIndex\": [], \"targetTreeIndex\": [], \"mapConditionFormValue\": {}}}]}, {\"/shopifyOrderCSVRow/quantity\": [{\"type\": \"map\", \"source\": {\"path\": \"/shopifyOrderCreationWHPayload/line_items/current_quantity\", \"title\": \"current_quantity\", \"dataElementType\": \"integer\"}, \"target\": {\"path\": \"/shopifyOrderCSVRow/quantity\", \"order\": 4, \"title\": \"quantity\", \"dataElementType\": \"string\"}, \"mapCondition\": {\"isConditionSet\": false, \"sourceTreeIndex\": [], \"targetTreeIndex\": [], \"mapConditionFormValue\": {}}}]}, {\"/shopifyOrderCSVRow/price\": [{\"type\": \"map\", \"source\": {\"path\": \"/shopifyOrderCreationWHPayload/line_items/price\", \"title\": \"price\", \"dataElementType\": \"string\"}, \"target\": {\"path\": \"/shopifyOrderCSVRow/price\", \"order\": 6, \"title\": \"price\", \"dataElementType\": \"string\"}, \"mapCondition\": {\"isConditionSet\": false, \"sourceTreeIndex\": [], \"targetTreeIndex\": [], \"mapConditionFormValue\": {}}}]}, {\"/shopifyOrderCSVRow/name\": [{\"type\": \"map\", \"source\": {\"path\": \"/shopifyOrderCreationWHPayload/line_items/name\", \"title\": \"name\", \"dataElementType\": \"string\"}, \"target\": {\"path\": \"/shopifyOrderCSVRow/name\", \"order\": 5, \"title\": \"name\", \"dataElementType\": \"string\"}, \"mapCondition\": {\"isConditionSet\": false, \"sourceTreeIndex\": [], \"targetTreeIndex\": [], \"mapConditionFormValue\": {}}}]}, {\"/shopifyOrderCSVRow/created_at\": [{\"type\": \"map\", \"source\": {\"path\": \"/shopifyOrderCreationWHPayload/created_at\", \"title\": \"created_at\", \"dataElementType\": \"string\"}, \"target\": {\"path\": \"/shopifyOrderCSVRow/created_at\", \"order\": 11, \"title\": \"created_at\", \"dataElementType\": \"string\"}, \"mapCondition\": {\"isConditionSet\": false, \"sourceTreeIndex\": [], \"targetTreeIndex\": [], \"mapConditionFormValue\": {}}}]}, {\"/shopifyOrderCSVRow/order_num\": [{\"type\": \"map\", \"source\": {\"path\": \"/shopifyOrderCreationWHPayload/id\", \"title\": \"id\", \"dataElementType\": \"integer\"}, \"target\": {\"path\": \"/shopifyOrderCSVRow/order_num\", \"order\": 10, \"title\": \"order_num\", \"dataElementType\": \"string\"}, \"mapCondition\": {\"isConditionSet\": false, \"sourceTreeIndex\": [], \"targetTreeIndex\": [], \"mapConditionFormValue\": {}}}]}, {\"/shopifyOrderCSVRow/customer_email\": [{\"type\": \"map\", \"source\": {\"path\": \"/shopifyOrderCreationWHPayload/contact_email\", \"title\": \"contact_email\", \"dataElementType\": \"string\"}, \"target\": {\"path\": \"/shopifyOrderCSVRow/customer_email\", \"order\": 8, \"title\": \"customer_email\", \"dataElementType\": \"string\"}, \"mapCondition\": {\"isConditionSet\": false, \"sourceTreeIndex\": [], \"targetTreeIndex\": [], \"mapConditionFormValue\": {}}}]}, {\"/shopifyOrderCSVRow/shipping_address\": [{\"type\": \"map\", \"source\": {\"path\": \"/shopifyOrderCreationWHPayload/shipping_address/address1\", \"title\": \"address1\", \"dataElementType\": \"string\"}, \"target\": {\"path\": \"/shopifyOrderCSVRow/shipping_address\", \"order\": 9, \"title\": \"shipping_address\", \"dataElementType\": \"string\"}, \"mapCondition\": {\"isConditionSet\": false, \"sourceTreeIndex\": [], \"targetTreeIndex\": [], \"mapConditionFormValue\": {}}}]}], \"tracks\": {}, \"transformer\": [{\"inputs\": {\"/input/lastName\": [{\"type\": \"map\", \"source\": {\"path\": \"/shopifyOrderCreationWHPayload/shipping_address/last_name\", \"title\": \"last_name\", \"dataElementType\": \"string\"}, \"target\": {\"path\": \"/input/lastName\", \"title\": \"lastName\", \"dataElementType\": \"string\"}, \"mapCondition\": {\"isConditionSet\": false, \"sourceTreeIndex\": [], \"targetTreeIndex\": [], \"mapConditionFormValue\": {}}}], \"/input/firstName\": [{\"type\": \"map\", \"source\": {\"path\": \"/shopifyOrderCreationWHPayload/shipping_address/first_name\", \"title\": \"first_name\", \"dataElementType\": \"string\"}, \"target\": {\"path\": \"/input/firstName\", \"title\": \"firstName\", \"dataElementType\": \"string\"}, \"mapCondition\": {\"isConditionSet\": false, \"sourceTreeIndex\": [], \"targetTreeIndex\": [], \"mapConditionFormValue\": {}}}]}, \"outputs\": {\"/shopifyOrderCSVRow/customer_name\": [{\"type\": \"map\", \"source\": {\"path\": \"/output/fullName\", \"title\": \"fullName\", \"dataElementType\": \"string\"}, \"target\": {\"path\": \"/shopifyOrderCSVRow/customer_name\", \"order\": 7, \"title\": \"customer_name\", \"dataElementType\": \"string\"}, \"mapCondition\": {\"isConditionSet\": false, \"sourceTreeIndex\": [], \"targetTreeIndex\": [], \"mapConditionFormValue\": {}}}]}, \"functionInfo\": {\"id\": \"fe8d2376-7725-4b35-a72e-979f3a8ba47e\", \"name\": \"Fullname\", \"category\": {\"id\": \"b0327fc0-adc9-4d44-9c7d-761c796a7b0e\", \"name\": \"Custom\"}, \"configId\": \"fe8d2376-7725-4b35-a72e-979f3a8ba47e\", \"referenceId\": \"b9d3aa82-9b96-4fce-9f70-5adfbcfb7dd4\", \"internalName\": \"Custom\"}}, {\"inputs\": {\"/MATH_ADD_INTS_INPUT/num1\": [{\"type\": \"map\", \"source\": {\"path\": \"/iterator\", \"title\": \"iterator\", \"dataElementType\": \"integer\"}, \"target\": {\"path\": \"/MATH_ADD_INTS_INPUT/num1\", \"title\": \"num1\", \"dataElementType\": \"integer\"}, \"mapCondition\": {\"isConditionSet\": false, \"sourceTreeIndex\": [], \"targetTreeIndex\": [], \"mapConditionFormValue\": {}}}], \"/MATH_ADD_INTS_INPUT/num2\": [{\"type\": \"setValue\", \"target\": {\"path\": \"/MATH_ADD_INTS_INPUT/num2\", \"order\": \"\", \"title\": \"num2\", \"dataElementType\": \"integer\"}, \"values\": [{\"id\": \"b427dcb2-0c7d-426c-b356-3c9ac0b7b789\", \"key\": \"/MATH_ADD_INTS_INPUT/num2\", \"type\": \"integer\", \"title\": \"num2\", \"isLeaf\": true, \"secret\": false, \"children\": [], \"setValue\": null, \"uiElement\": \"1\", \"isSetValue\": false, \"dataElementType\": \"integer\"}], \"mapCondition\": {\"isConditionSet\": false, \"sourceTreeIndex\": [], \"targetTreeIndex\": [], \"mapConditionFormValue\": {}}, \"variableSubstitution\": false, \"overwritePipelineValue\": false}]}, \"outputs\": {\"/shopifyOrderCSVRow/﻿item_num\": [{\"type\": \"map\", \"source\": {\"path\": \"/MATH_ADD_INTS_OUTPUT/output\", \"title\": \"output\", \"dataElementType\": \"integer\"}, \"target\": {\"path\": \"/shopifyOrderCSVRow/﻿item_num\", \"order\": 2, \"title\": \"﻿item_num\", \"dataElementType\": \"string\"}, \"mapCondition\": {\"isConditionSet\": false, \"sourceTreeIndex\": [], \"targetTreeIndex\": [], \"mapConditionFormValue\": {}}}]}, \"functionInfo\": {\"id\": \"f9d9362c-42a4-485e-adeb-7a61ed868b73\", \"name\": \"AddInts\", \"category\": {\"id\": \"18db0fe2-347a-4bac-8a2d-41403773c028\"}, \"internalName\": \"MATH_ADD_INTS\"}}]}",
    "null" : false
  },
  "endpoint_structure_json" : {
    "type" : "jsonb",
    "value" : "{\"maps\": []}",
    "null" : false
  },
  "is_error" : false,
  "no_of_errors" : 0,
  "action_input_type" : null,
  "config_service_id" : null,
  "config_imap_id" : null,
  "config_b2b_document_type_id" : null,
  "config_document_id" : null,
  "add_variables" : {
    "type" : "jsonb",
    "value" : "[{\"id\": \"8ed7f377-5991-4b2c-9bc7-f947076839c4\", \"key\": \"/shopifyOrderCSVRow\", \"type\": \"node\", \"order\": 1, \"title\": \"shopifyOrderCSVRow\", \"value\": {\"type\": \"object\"}, \"children\": [{\"id\": \"8ee4a903-0f21-4e3d-9747-d8094e724483\", \"key\": \"/shopifyOrderCSVRow/﻿item_num\", \"type\": \"string\", \"order\": 2, \"title\": \"﻿item_num\", \"value\": {\"type\": \"string\", \"requiredFlag\": true}, \"isLeaf\": true, \"childrenSet\": false, \"hasChildren\": false, \"referenceId\": \"8ed7f377-5991-4b2c-9bc7-f947076839c4\", \"appendKeyPrefix\": \"/shopifyOrderCSV\", \"dataElementType\": \"string\", \"componentConfigId\": \"f3da365e-02f7-4731-8aa8-357cef36394c\", \"componentConfigName\": \"Map\", \"encryption_required\": false}, {\"id\": \"10c28b6d-866c-46bd-ad59-7e091c91dfa9\", \"key\": \"/shopifyOrderCSVRow/itemId\", \"type\": \"string\", \"order\": 3, \"title\": \"itemId\", \"value\": {\"type\": \"string\", \"requiredFlag\": true}, \"isLeaf\": true, \"childrenSet\": false, \"hasChildren\": false, \"referenceId\": \"8ed7f377-5991-4b2c-9bc7-f947076839c4\", \"appendKeyPrefix\": \"/shopifyOrderCSV\", \"dataElementType\": \"string\", \"componentConfigId\": \"f3da365e-02f7-4731-8aa8-357cef36394c\", \"componentConfigName\": \"Map\", \"encryption_required\": false}, {\"id\": \"2a1b375a-3fea-4111-93c2-cc2f198c72c6\", \"key\": \"/shopifyOrderCSVRow/quantity\", \"type\": \"string\", \"order\": 4, \"title\": \"quantity\", \"value\": {\"type\": \"string\", \"requiredFlag\": true}, \"isLeaf\": true, \"childrenSet\": false, \"hasChildren\": false, \"referenceId\": \"8ed7f377-5991-4b2c-9bc7-f947076839c4\", \"appendKeyPrefix\": \"/shopifyOrderCSV\", \"dataElementType\": \"string\", \"componentConfigId\": \"f3da365e-02f7-4731-8aa8-357cef36394c\", \"componentConfigName\": \"Map\", \"encryption_required\": false}, {\"id\": \"48cd9a4a-e5d5-40f3-ada5-0dc89e483b97\", \"key\": \"/shopifyOrderCSVRow/name\", \"type\": \"string\", \"order\": 5, \"title\": \"name\", \"value\": {\"type\": \"string\", \"requiredFlag\": true}, \"isLeaf\": true, \"childrenSet\": false, \"hasChildren\": false, \"referenceId\": \"8ed7f377-5991-4b2c-9bc7-f947076839c4\", \"appendKeyPrefix\": \"/shopifyOrderCSV\", \"dataElementType\": \"string\", \"componentConfigId\": \"f3da365e-02f7-4731-8aa8-357cef36394c\", \"componentConfigName\": \"Map\", \"encryption_required\": false}, {\"id\": \"b8074d2a-4a3b-492f-95fa-618e1c3bf2e6\", \"key\": \"/shopifyOrderCSVRow/price\", \"type\": \"string\", \"order\": 6, \"title\": \"price\", \"value\": {\"type\": \"string\", \"requiredFlag\": true}, \"isLeaf\": true, \"childrenSet\": false, \"hasChildren\": false, \"referenceId\": \"8ed7f377-5991-4b2c-9bc7-f947076839c4\", \"appendKeyPrefix\": \"/shopifyOrderCSV\", \"dataElementType\": \"string\", \"componentConfigId\": \"f3da365e-02f7-4731-8aa8-357cef36394c\", \"componentConfigName\": \"Map\", \"encryption_required\": false}, {\"id\": \"edf286b8-0166-4103-ba5d-e13875af784e\", \"key\": \"/shopifyOrderCSVRow/customer_name\", \"type\": \"string\", \"order\": 7, \"title\": \"customer_name\", \"value\": {\"type\": \"string\", \"requiredFlag\": true}, \"isLeaf\": true, \"childrenSet\": false, \"hasChildren\": false, \"referenceId\": \"8ed7f377-5991-4b2c-9bc7-f947076839c4\", \"appendKeyPrefix\": \"/shopifyOrderCSV\", \"dataElementType\": \"string\", \"componentConfigId\": \"f3da365e-02f7-4731-8aa8-357cef36394c\", \"componentConfigName\": \"Map\", \"encryption_required\": false}, {\"id\": \"1968db0f-ed57-4cb3-89ea-1550b834d760\", \"key\": \"/shopifyOrderCSVRow/customer_email\", \"type\": \"string\", \"order\": 8, \"title\": \"customer_email\", \"value\": {\"type\": \"string\", \"requiredFlag\": true}, \"isLeaf\": true, \"childrenSet\": false, \"hasChildren\": false, \"referenceId\": \"8ed7f377-5991-4b2c-9bc7-f947076839c4\", \"appendKeyPrefix\": \"/shopifyOrderCSV\", \"dataElementType\": \"string\", \"componentConfigId\": \"f3da365e-02f7-4731-8aa8-357cef36394c\", \"componentConfigName\": \"Map\", \"encryption_required\": false}, {\"id\": \"0fbd431d-75c2-4578-aec4-bc04ac736e5a\", \"key\": \"/shopifyOrderCSVRow/shipping_address\", \"type\": \"string\", \"order\": 9, \"title\": \"shipping_address\", \"value\": {\"type\": \"string\", \"requiredFlag\": true}, \"isLeaf\": true, \"childrenSet\": false, \"hasChildren\": false, \"referenceId\": \"8ed7f377-5991-4b2c-9bc7-f947076839c4\", \"appendKeyPrefix\": \"/shopifyOrderCSV\", \"dataElementType\": \"string\", \"componentConfigId\": \"f3da365e-02f7-4731-8aa8-357cef36394c\", \"componentConfigName\": \"Map\", \"encryption_required\": false}, {\"id\": \"fd43a56e-8923-42c5-aa30-f18b6bfe1feb\", \"key\": \"/shopifyOrderCSVRow/order_num\", \"type\": \"string\", \"order\": 10, \"title\": \"order_num\", \"value\": {\"type\": \"string\", \"requiredFlag\": true}, \"isLeaf\": true, \"childrenSet\": false, \"hasChildren\": false, \"referenceId\": \"8ed7f377-5991-4b2c-9bc7-f947076839c4\", \"appendKeyPrefix\": \"/shopifyOrderCSV\", \"dataElementType\": \"string\", \"componentConfigId\": \"f3da365e-02f7-4731-8aa8-357cef36394c\", \"componentConfigName\": \"Map\", \"encryption_required\": false}, {\"id\": \"62c02bfa-c125-4183-bb93-2d1f5308c503\", \"key\": \"/shopifyOrderCSVRow/created_at\", \"type\": \"string\", \"order\": 11, \"title\": \"created_at\", \"value\": {\"type\": \"string\", \"requiredFlag\": true}, \"isLeaf\": true, \"childrenSet\": false, \"hasChildren\": false, \"referenceId\": \"8ed7f377-5991-4b2c-9bc7-f947076839c4\", \"appendKeyPrefix\": \"/shopifyOrderCSV\", \"dataElementType\": \"string\", \"componentConfigId\": \"f3da365e-02f7-4731-8aa8-357cef36394c\", \"componentConfigName\": \"Map\", \"encryption_required\": false}], \"editAllow\": true, \"componentName\": \"Create CSV Row\", \"dataElementType\": \"document\", \"componentConfigId\": \"f3da365e-02f7-4731-8aa8-357cef36394c\", \"componentConfigName\": \"Map\"}]",
    "null" : false
  },
  "drop_variables" : {
    "type" : "jsonb",
    "value" : "[]",
    "null" : false
  },
  "plug_input_structure" : null,
  "plug_output_structure" : null,
  "config_plug_id" : null,
  "override_plug" : false,
  "config_java_service_id" : null,
  "service_tag" : "EMPTY",
  "endpoint_tag" : null,
  "config_service_tag" : "",
  "config_imap_tag" : "",
  "config_b2b_document_type_tag" : "",
  "active" : true,
  "parent_component_config_service_tag" : "EMPTY",
  "service_project_id" : "a96c85f1-5686-4569-a816-249365ad8006",
  "service_project_tag" : "EMPTY",
  "config_service_project_id" : null,
  "config_service_project_tag" : "",
  "config_imap_project_id" : null,
  "config_imap_project_tag" : "",
  "config_b2b_document_type_project_id" : null,
  "config_b2b_document_type_project_tag" : "",
  "endpoint_project_id" : null,
  "endpoint_project_tag" : null,
  "config_plug_tag" : null,
  "config_plug_project_id" : null,
  "config_plug_project_tag" : null,
  "config_java_service_tag" : "",
  "config_java_service_project_id" : null,
  "config_java_service_project_tag" : "",
  "disabled" : false,
  "config" : null,
  "config_b2b_document_type_project_mode_id" : "112c1cb8-4b9e-4d1a-a042-0bd031dc7d05",
  "config_imap_project_mode_id" : "112c1cb8-4b9e-4d1a-a042-0bd031dc7d05",
  "config_java_service_project_mode_id" : "112c1cb8-4b9e-4d1a-a042-0bd031dc7d05",
  "config_plug_project_mode_id" : "112c1cb8-4b9e-4d1a-a042-0bd031dc7d05",
  "config_service_project_mode_id" : "112c1cb8-4b9e-4d1a-a042-0bd031dc7d05",
  "endpoint_project_mode_id" : "112c1cb8-4b9e-4d1a-a042-0bd031dc7d05",
  "service_project_mode_id" : "112c1cb8-4b9e-4d1a-a042-0bd031dc7d05",
  "parent_component_config_service_project_mode_id" : "112c1cb8-4b9e-4d1a-a042-0bd031dc7d05",
  "is_audit" : true,
  "keys_with_order" : null
}