{
  "component_config_id" : "78c7c93c-3f8a-4288-a20e-26fd9605d76b",
  "endpoint_config_json" : {
    "type" : "jsonb",
    "value" : "{\"crossRef\": [], \"services\": [], \"multistep\": [], \"operations\": []}",
    "null" : false
  },
  "input_config_json" : {
    "type" : "jsonb",
    "value" : "{\"crossRef\": [], \"services\": [], \"multistep\": [], \"operations\": []}",
    "null" : false
  },
  "output_config_json" : {
    "type" : "jsonb",
    "value" : "{\"crossRef\": [], \"services\": [], \"multistep\": [], \"operations\": [{\"map\": {\"id\": \"f0ba218f-3009-47c5-8856-6cee93dbaa67\", \"root\": false, \"type\": \"setValue\", \"cached\": false, \"target\": \"/subtotalThresholdFOrCoupon\", \"mapNull\": false, \"disabled\": false, \"extractXml\": false, \"extractJson\": false, \"targetOrder\": 1.0, \"targetValue\": \"100\", \"mapEmptyString\": false, \"targetJavaType\": \"java.lang.String\", \"variableSubstitution\": false}}, {\"map\": {\"id\": \"91ec8341-d671-4836-9a74-dc2d2ffe9f6d\", \"root\": false, \"type\": \"setValue\", \"cached\": false, \"target\": \"/shopifyBasicCodeDiscount/title\", \"mapNull\": false, \"disabled\": false, \"extractXml\": false, \"extractJson\": false, \"targetOrder\": 4.0, \"targetValue\": \"10% off your next purchase\", \"mapEmptyString\": false, \"targetJavaType\": \"java.lang.String\", \"variableSubstitution\": false}}, {\"map\": {\"id\": \"35063d52-dcdf-48f2-aff5-6c1e5d043d1c\", \"root\": false, \"type\": \"setValue\", \"cached\": false, \"target\": \"/shopifyBasicCodeDiscount/appliesOncePerCustomer\", \"mapNull\": false, \"disabled\": false, \"extractXml\": false, \"extractJson\": false, \"targetOrder\": 7.0, \"targetValue\": \"true\", \"mapEmptyString\": false, \"targetJavaType\": \"java.lang.Boolean\", \"variableSubstitution\": false}}, {\"map\": {\"id\": \"cd38d00b-7d1c-44c6-a849-8643dc839245\", \"root\": false, \"type\": \"setValue\", \"cached\": false, \"target\": \"/shopifyBasicCodeDiscount/code\", \"mapNull\": false, \"disabled\": false, \"extractXml\": false, \"extractJson\": false, \"targetOrder\": 8.0, \"targetValue\": \"NEXT10-%{/shopifyOrderCreationWHPayload/confirmation_number}%\", \"mapEmptyString\": false, \"targetJavaType\": \"java.lang.String\", \"variableSubstitution\": true}}, {\"map\": {\"id\": \"b01c32fe-b588-4a88-8e85-02908f58abd1\", \"root\": false, \"type\": \"setValue\", \"cached\": false, \"target\": \"/shopifyBasicCodeDiscount/customerSelection/customers/add/@{0}\", \"mapNull\": false, \"disabled\": false, \"extractXml\": false, \"extractJson\": false, \"targetOrder\": 11.0, \"targetValue\": \"gid://shopify/Customer/%{/shopifyOrderCreationWHPayload/customer/id}%\", \"mapEmptyString\": false, \"targetJavaType\": \"java.lang.String\", \"variableSubstitution\": true}}, {\"map\": {\"id\": \"97592f60-1ca8-4e5b-8e3a-bbc98f67187c\", \"root\": false, \"type\": \"setValue\", \"cached\": false, \"target\": \"/shopifyBasicCodeDiscount/usageLimit\", \"mapNull\": false, \"disabled\": false, \"extractXml\": false, \"extractJson\": false, \"targetOrder\": 12.0, \"targetValue\": \"1\", \"mapEmptyString\": false, \"targetJavaType\": \"java.lang.Integer\", \"variableSubstitution\": false}}, {\"map\": {\"id\": \"291491c2-1315-4576-88c6-8b671c66e8f8\", \"root\": false, \"type\": \"setValue\", \"cached\": false, \"target\": \"/shopifyBasicCodeDiscount/customerGets/items/all\", \"mapNull\": false, \"disabled\": false, \"extractXml\": false, \"extractJson\": false, \"targetOrder\": 17.0, \"targetValue\": \"true\", \"mapEmptyString\": false, \"targetJavaType\": \"java.lang.Boolean\", \"variableSubstitution\": false}}, {\"map\": {\"id\": \"d3947d99-c301-4f94-b0c3-70f3ceb23832\", \"root\": false, \"type\": \"setValue\", \"cached\": false, \"target\": \"/shopifyBasicCodeDiscount/customerGets/value/percentage\", \"mapNull\": false, \"disabled\": false, \"extractXml\": false, \"extractJson\": false, \"targetOrder\": 15.0, \"targetValue\": \"0.10\", \"mapEmptyString\": false, \"targetJavaType\": \"java.lang.Float\", \"variableSubstitution\": false}}]}",
    "null" : false
  },
  "component_id" : "8ac5fe03-27a2-4e6a-a449-6a8893818223",
  "service_id" : "7feaab5a-4799-4c14-b4f2-cddc45e19247",
  "endpoint_id" : null,
  "parent_component_config_id" : "58c066cc-4d1f-412a-815d-2d51ce0b754b",
  "component_config_order" : 0.5,
  "action_id" : "06843b78-eab0-45da-afab-8c8277d7553f",
  "name" : "Declare vars",
  "description" : "",
  "override_endpoint" : false,
  "input_structure_json" : {
    "type" : "jsonb",
    "value" : "{\"maps\": [], \"mappedNodes\": [\"/subtotalThresholdFOrCouponpipeOut\", \"/shopifyBasicCodeDiscount/titlepipeOut\", \"/shopifyBasicCodeDiscountpipeOut\", \"/shopifyBasicCodeDiscount/appliesOncePerCustomerpipeOut\", \"/shopifyBasicCodeDiscountpipeOut\", \"/shopifyBasicCodeDiscount/titlepipeOut\", \"/shopifyBasicCodeDiscountpipeOut\", \"/shopifyBasicCodeDiscount/codepipeOut\", \"/shopifyBasicCodeDiscountpipeOut\", \"/shopifyBasicCodeDiscount/titlepipeOut\", \"/shopifyBasicCodeDiscountpipeOut\", \"/shopifyBasicCodeDiscount/customerSelection/customers/add[]pipeOut\", \"/shopifyBasicCodeDiscount/customerSelection/customerspipeOut\", \"/shopifyBasicCodeDiscount/customerSelectionpipeOut\", \"/shopifyBasicCodeDiscountpipeOut\", \"/shopifyBasicCodeDiscount/usageLimitpipeOut\", \"/shopifyBasicCodeDiscountpipeOut\", \"/shopifyBasicCodeDiscount/customerGets/items/allpipeOut\", \"/shopifyBasicCodeDiscount/customerGets/itemspipeOut\", \"/shopifyBasicCodeDiscount/customerGetspipeOut\", \"/shopifyBasicCodeDiscountpipeOut\", \"/shopifyBasicCodeDiscount/customerGets/value/percentagepipeOut\", \"/shopifyBasicCodeDiscount/customerGets/valuepipeOut\", \"/shopifyBasicCodeDiscount/customerGetspipeOut\", \"/shopifyBasicCodeDiscountpipeOut\"]}",
    "null" : false
  },
  "output_structure_json" : {
    "type" : "jsonb",
    "value" : "{\"maps\": [{\"/subtotalThresholdFOrCoupon\": [{\"type\": \"setValue\", \"order\": 1, \"target\": {\"path\": \"/subtotalThresholdFOrCoupon\", \"order\": 1, \"title\": \"subtotalThresholdFOrCoupon\", \"dataElementType\": \"string\"}, \"values\": [{\"id\": \"3290b8dc-279a-47d4-9f69-8bba681ebe0f\", \"key\": \"/subtotalThresholdFOrCoupon\", \"type\": \"node\", \"order\": 1, \"title\": \"subtotalThresholdFOrCoupon\", \"children\": [], \"setValue\": null, \"editAllow\": true, \"uiElement\": \"100\", \"isSetValue\": false, \"dataElementType\": \"string\", \"componentConfigId\": \"78c7c93c-3f8a-4288-a20e-26fd9605d76b\", \"componentConfigName\": \"Map\"}], \"mapCondition\": {\"isConditionSet\": false, \"sourceTreeIndex\": [], \"targetTreeIndex\": [], \"mapConditionFormValue\": {}}, \"dataElementType\": \"string\", \"variableSubstitution\": false, \"overwritePipelineValue\": false}]}, {\"/shopifyBasicCodeDiscount/title\": [{\"type\": \"setValue\", \"order\": 4, \"target\": {\"path\": \"/shopifyBasicCodeDiscount/title\", \"order\": 4, \"title\": \"title\", \"dataElementType\": \"string\"}, \"values\": [{\"id\": \"bca1a1dc-f87d-4412-8a37-fdec4f80f27a\", \"key\": \"/shopifyBasicCodeDiscount/title\", \"type\": \"string\", \"order\": 4, \"title\": \"title\", \"setValue\": null, \"uiElement\": \"10% off your next purchase\", \"isSetValue\": false, \"childrenSet\": false, \"hasChildren\": false, \"dataElementType\": \"string\", \"componentConfigId\": \"78c7c93c-3f8a-4288-a20e-26fd9605d76b\", \"componentConfigName\": \"Map\", \"encryption_required\": false}], \"mapCondition\": {\"isConditionSet\": false, \"sourceTreeIndex\": [], \"targetTreeIndex\": [], \"mapConditionFormValue\": {}}, \"dataElementType\": \"string\", \"variableSubstitution\": false, \"overwritePipelineValue\": false}]}, {\"/shopifyBasicCodeDiscount/appliesOncePerCustomer\": [{\"type\": \"setValue\", \"order\": 7, \"target\": {\"path\": \"/shopifyBasicCodeDiscount/appliesOncePerCustomer\", \"order\": 7, \"title\": \"appliesOncePerCustomer\", \"dataElementType\": \"boolean\"}, \"values\": [{\"id\": \"94f21d5d-cbc3-4494-8b14-6722eae63f79\", \"key\": \"/shopifyBasicCodeDiscount/appliesOncePerCustomer\", \"type\": \"boolean\", \"order\": 7, \"title\": \"appliesOncePerCustomer\", \"setValue\": \"true\", \"uiElement\": \"true\", \"isSetValue\": false, \"childrenSet\": false, \"hasChildren\": false, \"dataElementType\": \"boolean\", \"componentConfigId\": \"78c7c93c-3f8a-4288-a20e-26fd9605d76b\", \"componentConfigName\": \"Map\", \"encryption_required\": false}], \"mapCondition\": {\"isConditionSet\": false, \"sourceTreeIndex\": [], \"targetTreeIndex\": [], \"mapConditionFormValue\": {}}, \"dataElementType\": \"boolean\", \"variableSubstitution\": false, \"overwritePipelineValue\": false}]}, {\"/shopifyBasicCodeDiscount/code\": [{\"type\": \"setValue\", \"order\": 8, \"target\": {\"path\": \"/shopifyBasicCodeDiscount/code\", \"order\": 8, \"title\": \"code\", \"dataElementType\": \"string\"}, \"values\": [{\"id\": \"56b6ba0b-fae8-4a89-8fc8-b2d371a7bcae\", \"key\": \"/shopifyBasicCodeDiscount/code\", \"type\": \"string\", \"order\": 8, \"title\": \"code\", \"setValue\": null, \"uiElement\": \"NEXT10-<input _ngcontent-ng-c3455819434=\\\"\\\" class=\\\"chip\\\" title=\\\"/shopifyOrderCreationWHPayload/confirmation_number\\\" readonly=\\\"true\\\" disabled=\\\"true\\\" type=\\\"button\\\" value=\\\"confirmation_number\\\">\", \"isSetValue\": false, \"childrenSet\": false, \"hasChildren\": false, \"dataElementType\": \"string\", \"componentConfigId\": \"78c7c93c-3f8a-4288-a20e-26fd9605d76b\", \"componentConfigName\": \"Map\", \"encryption_required\": false}], \"mapCondition\": {\"isConditionSet\": false, \"sourceTreeIndex\": [], \"targetTreeIndex\": [], \"mapConditionFormValue\": {}}, \"dataElementType\": \"string\", \"variableSubstitution\": true, \"overwritePipelineValue\": false}]}, {\"/shopifyBasicCodeDiscount/customerSelection/customers/add[]\": [{\"type\": \"setValue\", \"order\": 11, \"target\": {\"path\": \"/shopifyBasicCodeDiscount/customerSelection/customers/add[]\", \"order\": 11, \"title\": \"add\", \"dataElementType\": \"stringArray\"}, \"values\": [{\"id\": \"39517563-43ed-49e3-a0d1-528fd376a160\", \"key\": \"/shopifyBasicCodeDiscount/customerSelection/customers/add[]\", \"type\": \"stringArray\", \"order\": 11, \"title\": \"add\", \"isLeaf\": false, \"children\": [{\"id\": \"ff91dee0-3134-49c8-abd2-a46645ccf7e6\", \"key\": 0, \"node\": {\"id\": \"39517563-43ed-49e3-a0d1-528fd376a160\", \"key\": \"/shopifyBasicCodeDiscount/customerSelection/customers/add[]\", \"type\": \"stringArray\", \"order\": 11, \"title\": \"add\", \"isLeaf\": false, \"setValue\": null, \"childrenSet\": false, \"hasChildren\": false, \"dataElementType\": \"stringArray\", \"componentConfigId\": \"78c7c93c-3f8a-4288-a20e-26fd9605d76b\", \"componentConfigName\": \"Map\", \"encryption_required\": false}, \"type\": \"index\", \"title\": \"0\", \"isLeaf\": true, \"setValue\": \"\", \"uiElement\": \"gid://shopify/Customer/<input _ngcontent-ng-c3455819434=\\\"\\\" class=\\\"chip\\\" title=\\\"/shopifyOrderCreationWHPayload/customer/id\\\" readonly=\\\"true\\\" disabled=\\\"true\\\" type=\\\"button\\\" value=\\\"id\\\">\", \"isSetValue\": false, \"dataElementType\": \"index\"}], \"setValue\": null, \"childrenSet\": false, \"hasChildren\": false, \"dataElementType\": \"stringArray\", \"componentConfigId\": \"78c7c93c-3f8a-4288-a20e-26fd9605d76b\", \"componentConfigName\": \"Map\", \"encryption_required\": false}], \"mapCondition\": {\"isConditionSet\": false, \"sourceTreeIndex\": [], \"targetTreeIndex\": [{\"key\": 1, \"title\": \"shopifyBasicCodeDiscount\", \"isLeaf\": false, \"isArray\": false, \"children\": [{\"key\": 2, \"title\": \"customerSelection\", \"isLeaf\": false, \"isArray\": false, \"children\": [{\"key\": 3, \"title\": \"customers\", \"isLeaf\": false, \"isArray\": false, \"children\": [{\"key\": 4, \"title\": \"add\", \"isLeaf\": false, \"isArray\": true, \"parentKey\": 3, \"arrayIndex\": null}], \"parentKey\": 2}], \"parentKey\": 1}], \"parentKey\": 0}], \"mapConditionFormValue\": {}}, \"dataElementType\": \"stringArray\", \"variableSubstitution\": true, \"overwritePipelineValue\": false}]}, {\"/shopifyBasicCodeDiscount/usageLimit\": [{\"type\": \"setValue\", \"order\": 12, \"target\": {\"path\": \"/shopifyBasicCodeDiscount/usageLimit\", \"order\": 12, \"title\": \"usageLimit\", \"dataElementType\": \"integer\"}, \"values\": [{\"id\": \"57066b4b-320f-4981-8ad3-3a1555d1135d\", \"key\": \"/shopifyBasicCodeDiscount/usageLimit\", \"type\": \"integer\", \"order\": 12, \"title\": \"usageLimit\", \"setValue\": null, \"uiElement\": \"1\", \"isSetValue\": false, \"childrenSet\": false, \"hasChildren\": false, \"dataElementType\": \"integer\", \"componentConfigId\": \"78c7c93c-3f8a-4288-a20e-26fd9605d76b\", \"componentConfigName\": \"Map\", \"encryption_required\": false}], \"mapCondition\": {\"isConditionSet\": false, \"sourceTreeIndex\": [], \"targetTreeIndex\": [], \"mapConditionFormValue\": {}}, \"dataElementType\": \"integer\", \"variableSubstitution\": false, \"overwritePipelineValue\": false}]}, {\"/shopifyBasicCodeDiscount/customerGets/items/all\": [{\"type\": \"setValue\", \"order\": 17, \"target\": {\"path\": \"/shopifyBasicCodeDiscount/customerGets/items/all\", \"order\": 17, \"title\": \"all\", \"dataElementType\": \"boolean\"}, \"values\": [{\"id\": \"156ee10c-5552-4226-9edc-d171e68ca431\", \"key\": \"/shopifyBasicCodeDiscount/customerGets/items/all\", \"type\": \"boolean\", \"order\": 17, \"title\": \"all\", \"setValue\": \"true\", \"uiElement\": \"true\", \"isSetValue\": false, \"childrenSet\": false, \"hasChildren\": false, \"dataElementType\": \"boolean\", \"componentConfigId\": \"78c7c93c-3f8a-4288-a20e-26fd9605d76b\", \"componentConfigName\": \"Map\", \"encryption_required\": false}], \"mapCondition\": {\"isConditionSet\": false, \"sourceTreeIndex\": [], \"targetTreeIndex\": [], \"mapConditionFormValue\": {}}, \"dataElementType\": \"boolean\", \"variableSubstitution\": false, \"overwritePipelineValue\": false}]}, {\"/shopifyBasicCodeDiscount/customerGets/value/percentage\": [{\"type\": \"setValue\", \"order\": 15, \"target\": {\"path\": \"/shopifyBasicCodeDiscount/customerGets/value/percentage\", \"order\": 15, \"title\": \"percentage\", \"dataElementType\": \"number\"}, \"values\": [{\"id\": \"4de8a755-6e0b-4fcd-a3d0-6709e94184d9\", \"key\": \"/shopifyBasicCodeDiscount/customerGets/value/percentage\", \"type\": \"number\", \"order\": 15, \"title\": \"percentage\", \"setValue\": null, \"uiElement\": \"0.10\", \"isSetValue\": false, \"childrenSet\": false, \"hasChildren\": false, \"dataElementType\": \"number\", \"componentConfigId\": \"78c7c93c-3f8a-4288-a20e-26fd9605d76b\", \"componentConfigName\": \"Map\", \"encryption_required\": false}], \"mapCondition\": {\"isConditionSet\": false, \"sourceTreeIndex\": [], \"targetTreeIndex\": [], \"mapConditionFormValue\": {}}, \"dataElementType\": \"number\", \"variableSubstitution\": false, \"overwritePipelineValue\": false}]}], \"tracks\": {}, \"transformer\": []}",
    "null" : false
  },
  "endpoint_structure_json" : {
    "type" : "jsonb",
    "value" : "{\"maps\": []}",
    "null" : false
  },
  "is_error" : false,
  "no_of_errors" : 0,
  "action_input_type" : null,
  "config_service_id" : null,
  "config_imap_id" : null,
  "config_b2b_document_type_id" : null,
  "config_document_id" : null,
  "add_variables" : {
    "type" : "jsonb",
    "value" : "[{\"id\": \"ff1207d8-77ed-4850-93b0-db5f3aa3b1ca\", \"key\": \"/shopifyOrderCSV\", \"type\": \"reference\", \"order\": 2, \"title\": \"shopifyOrderCSV\", \"value\": {\"type\": \"object\"}, \"isLeaf\": false, \"children\": [], \"editAllow\": true, \"hasChildren\": false, \"projectName\": \"Shopify\", \"referenceId\": \"8ed7f377-5991-4b2c-9bc7-f947076839c4\", \"isChildrenSet\": false, \"dataObjectName\": \"shopifyOrderCSV\", \"dataElementType\": \"document\", \"componentConfigId\": \"78c7c93c-3f8a-4288-a20e-26fd9605d76b\", \"encryption_required\": false}, {\"id\": \"077bc0ab-bbdb-4c11-b5ab-84b57d45066d\", \"key\": \"/subtotalThresholdFOrCoupon\", \"type\": \"node\", \"order\": 1, \"title\": \"subtotalThresholdFOrCoupon\", \"value\": {\"type\": \"string\"}, \"children\": [], \"editAllow\": true, \"componentName\": \"Declare vars\", \"dataElementType\": \"string\", \"componentConfigId\": \"78c7c93c-3f8a-4288-a20e-26fd9605d76b\", \"componentConfigName\": \"Map\"}, {\"id\": \"9fa7def9-d4de-4ec1-b525-26ff205ee6cb\", \"key\": \"/shopifyBasicCodeDiscount\", \"type\": \"node\", \"order\": 1, \"title\": \"shopifyBasicCodeDiscount\", \"value\": {\"type\": \"document\"}, \"children\": [{\"id\": \"031b0119-b4c7-4c2d-9c29-ebe0c5acef25\", \"key\": \"/shopifyBasicCodeDiscount/title\", \"type\": \"string\", \"order\": 4, \"title\": \"title\", \"value\": {\"type\": \"string\", \"requiredFlag\": false}, \"childrenSet\": false, \"hasChildren\": false, \"dataElementType\": \"string\", \"componentConfigId\": \"78c7c93c-3f8a-4288-a20e-26fd9605d76b\", \"componentConfigName\": \"Map\", \"encryption_required\": false}, {\"id\": \"0c4608ed-8805-42ac-97df-c0282896b540\", \"key\": \"/shopifyBasicCodeDiscount/startsAt\", \"type\": \"string\", \"order\": 5, \"title\": \"startsAt\", \"value\": {\"type\": \"string\", \"requiredFlag\": false}, \"childrenSet\": false, \"hasChildren\": false, \"dataElementType\": \"string\", \"componentConfigId\": \"78c7c93c-3f8a-4288-a20e-26fd9605d76b\", \"componentConfigName\": \"Map\", \"encryption_required\": false}, {\"id\": \"6a0501b7-2217-41d0-ace3-3279ba201dd6\", \"key\": \"/shopifyBasicCodeDiscount/endsAt\", \"type\": \"string\", \"order\": 6, \"title\": \"endsAt\", \"value\": {\"type\": \"string\", \"requiredFlag\": false}, \"childrenSet\": false, \"hasChildren\": false, \"dataElementType\": \"string\", \"componentConfigId\": \"78c7c93c-3f8a-4288-a20e-26fd9605d76b\", \"componentConfigName\": \"Map\", \"encryption_required\": false}, {\"id\": \"6f468aa2-905b-465b-ac98-1706496501ad\", \"key\": \"/shopifyBasicCodeDiscount/appliesOncePerCustomer\", \"type\": \"boolean\", \"order\": 7, \"title\": \"appliesOncePerCustomer\", \"value\": {\"type\": \"boolean\", \"requiredFlag\": false}, \"childrenSet\": false, \"hasChildren\": false, \"dataElementType\": \"boolean\", \"componentConfigId\": \"78c7c93c-3f8a-4288-a20e-26fd9605d76b\", \"componentConfigName\": \"Map\", \"encryption_required\": false}, {\"id\": \"4bdba1a3-39e7-4b51-9200-011cd49bbc82\", \"key\": \"/shopifyBasicCodeDiscount/code\", \"type\": \"string\", \"order\": 8, \"title\": \"code\", \"value\": {\"type\": \"string\", \"requiredFlag\": false}, \"childrenSet\": false, \"hasChildren\": false, \"dataElementType\": \"string\", \"componentConfigId\": \"78c7c93c-3f8a-4288-a20e-26fd9605d76b\", \"componentConfigName\": \"Map\", \"encryption_required\": false}, {\"id\": \"ea182481-c633-4a90-bf71-a8a68a2c1b62\", \"key\": \"/shopifyBasicCodeDiscount/customerSelection\", \"type\": \"document\", \"order\": 9, \"title\": \"customerSelection\", \"value\": {\"type\": \"document\", \"requiredFlag\": false}, \"children\": [{\"id\": \"6babe872-4d4f-482b-bf02-454820de2f32\", \"key\": \"/shopifyBasicCodeDiscount/customerSelection/customers\", \"type\": \"document\", \"order\": 10, \"title\": \"customers\", \"value\": {\"type\": \"document\", \"requiredFlag\": false}, \"children\": [{\"id\": \"8091769e-4752-4efc-b9c8-b66543c27bc8\", \"key\": \"/shopifyBasicCodeDiscount/customerSelection/customers/add[]\", \"type\": \"stringArray\", \"order\": 11, \"title\": \"add\", \"value\": {\"type\": \"stringArray\", \"requiredFlag\": true}, \"childrenSet\": false, \"hasChildren\": false, \"dataElementType\": \"stringArray\", \"componentConfigId\": \"78c7c93c-3f8a-4288-a20e-26fd9605d76b\", \"componentConfigName\": \"Map\", \"encryption_required\": false}], \"childrenSet\": false, \"hasChildren\": true, \"dataElementType\": \"document\", \"componentConfigId\": \"78c7c93c-3f8a-4288-a20e-26fd9605d76b\", \"componentConfigName\": \"Map\", \"encryption_required\": false}], \"childrenSet\": false, \"hasChildren\": true, \"dataElementType\": \"document\", \"componentConfigId\": \"78c7c93c-3f8a-4288-a20e-26fd9605d76b\", \"componentConfigName\": \"Map\", \"encryption_required\": false}, {\"id\": \"cfe2a91b-0fe9-415d-9010-ffa53810b8fc\", \"key\": \"/shopifyBasicCodeDiscount/usageLimit\", \"type\": \"integer\", \"order\": 12, \"title\": \"usageLimit\", \"value\": {\"type\": \"integer\", \"requiredFlag\": false}, \"childrenSet\": false, \"hasChildren\": false, \"dataElementType\": \"integer\", \"componentConfigId\": \"78c7c93c-3f8a-4288-a20e-26fd9605d76b\", \"componentConfigName\": \"Map\", \"encryption_required\": false}, {\"id\": \"8b491702-9a38-4ae6-861a-9f290a917720\", \"key\": \"/shopifyBasicCodeDiscount/customerGets\", \"type\": \"document\", \"order\": 13, \"title\": \"customerGets\", \"value\": {\"type\": \"document\", \"requiredFlag\": false}, \"children\": [{\"id\": \"9ac195ab-a42b-4a1b-b2b3-d4aa5d090912\", \"key\": \"/shopifyBasicCodeDiscount/customerGets/value\", \"type\": \"document\", \"order\": 14, \"title\": \"value\", \"value\": {\"type\": \"document\", \"requiredFlag\": false}, \"children\": [{\"id\": \"592b1334-9468-44a7-ad0b-bc1c37f02c24\", \"key\": \"/shopifyBasicCodeDiscount/customerGets/value/percentage\", \"type\": \"number\", \"order\": 15, \"title\": \"percentage\", \"value\": {\"type\": \"number\", \"requiredFlag\": false}, \"childrenSet\": false, \"hasChildren\": false, \"dataElementType\": \"number\", \"componentConfigId\": \"78c7c93c-3f8a-4288-a20e-26fd9605d76b\", \"componentConfigName\": \"Map\", \"encryption_required\": false}], \"childrenSet\": false, \"hasChildren\": true, \"dataElementType\": \"document\", \"componentConfigId\": \"78c7c93c-3f8a-4288-a20e-26fd9605d76b\", \"componentConfigName\": \"Map\", \"encryption_required\": false}, {\"id\": \"b805c9f3-8b81-468b-a7ba-86f48ce17569\", \"key\": \"/shopifyBasicCodeDiscount/customerGets/items\", \"type\": \"document\", \"order\": 16, \"title\": \"items\", \"value\": {\"type\": \"document\", \"requiredFlag\": false}, \"children\": [{\"id\": \"d129ed7e-45c9-4d4a-8500-249141c401ca\", \"key\": \"/shopifyBasicCodeDiscount/customerGets/items/all\", \"type\": \"boolean\", \"order\": 17, \"title\": \"all\", \"value\": {\"type\": \"boolean\", \"requiredFlag\": false}, \"childrenSet\": false, \"hasChildren\": false, \"dataElementType\": \"boolean\", \"componentConfigId\": \"78c7c93c-3f8a-4288-a20e-26fd9605d76b\", \"componentConfigName\": \"Map\", \"encryption_required\": false}], \"childrenSet\": false, \"hasChildren\": true, \"dataElementType\": \"document\", \"componentConfigId\": \"78c7c93c-3f8a-4288-a20e-26fd9605d76b\", \"componentConfigName\": \"Map\", \"encryption_required\": false}], \"childrenSet\": false, \"hasChildren\": true, \"dataElementType\": \"document\", \"componentConfigId\": \"78c7c93c-3f8a-4288-a20e-26fd9605d76b\", \"componentConfigName\": \"Map\", \"encryption_required\": false}], \"editAllow\": true, \"componentName\": \"Declare vars\", \"dataElementType\": \"document\", \"componentConfigId\": \"78c7c93c-3f8a-4288-a20e-26fd9605d76b\", \"componentConfigName\": \"Map\"}]",
    "null" : false
  },
  "drop_variables" : {
    "type" : "jsonb",
    "value" : "[]",
    "null" : false
  },
  "plug_input_structure" : null,
  "plug_output_structure" : null,
  "config_plug_id" : null,
  "override_plug" : false,
  "config_java_service_id" : null,
  "service_tag" : "EMPTY",
  "endpoint_tag" : null,
  "config_service_tag" : "",
  "config_imap_tag" : "",
  "config_b2b_document_type_tag" : "",
  "active" : true,
  "parent_component_config_service_tag" : "EMPTY",
  "service_project_id" : "a96c85f1-5686-4569-a816-249365ad8006",
  "service_project_tag" : "EMPTY",
  "config_service_project_id" : null,
  "config_service_project_tag" : "",
  "config_imap_project_id" : null,
  "config_imap_project_tag" : "",
  "config_b2b_document_type_project_id" : null,
  "config_b2b_document_type_project_tag" : "",
  "endpoint_project_id" : null,
  "endpoint_project_tag" : null,
  "config_plug_tag" : null,
  "config_plug_project_id" : null,
  "config_plug_project_tag" : null,
  "config_java_service_tag" : "",
  "config_java_service_project_id" : null,
  "config_java_service_project_tag" : "",
  "disabled" : false,
  "config" : null,
  "config_b2b_document_type_project_mode_id" : "112c1cb8-4b9e-4d1a-a042-0bd031dc7d05",
  "config_imap_project_mode_id" : "112c1cb8-4b9e-4d1a-a042-0bd031dc7d05",
  "config_java_service_project_mode_id" : "112c1cb8-4b9e-4d1a-a042-0bd031dc7d05",
  "config_plug_project_mode_id" : "112c1cb8-4b9e-4d1a-a042-0bd031dc7d05",
  "config_service_project_mode_id" : "112c1cb8-4b9e-4d1a-a042-0bd031dc7d05",
  "endpoint_project_mode_id" : "112c1cb8-4b9e-4d1a-a042-0bd031dc7d05",
  "service_project_mode_id" : "112c1cb8-4b9e-4d1a-a042-0bd031dc7d05",
  "parent_component_config_service_project_mode_id" : "112c1cb8-4b9e-4d1a-a042-0bd031dc7d05",
  "is_audit" : true,
  "keys_with_order" : null
}