{
  "component_config_id" : "8404c4cf-3a43-4282-9da2-5ab648c5211e",
  "endpoint_config_json" : {
    "type" : "jsonb",
    "value" : "{\"crossRef\": [], \"services\": [], \"multistep\": [], \"operations\": []}",
    "null" : false
  },
  "input_config_json" : {
    "type" : "jsonb",
    "value" : "{\"crossRef\": [], \"services\": [], \"multistep\": [], \"operations\": [{\"map\": {\"id\": \"6fdccfc4-e233-4a0c-8d77-dfe031c0be3d\", \"root\": false, \"type\": \"map\", \"cached\": false, \"source\": \"/ffString\", \"target\": \"/AmazonS3CreateObjectInput/content\", \"mapNull\": false, \"disabled\": false, \"extractXml\": false, \"extractJson\": false, \"targetOrder\": 4.0, \"mapEmptyString\": false, \"sourceJavaType\": \"java.lang.String\", \"targetJavaType\": \"java.lang.String\"}}, {\"map\": {\"id\": \"61d1d0ef-5a58-41c0-986d-d492d8c13e6f\", \"root\": false, \"type\": \"setValue\", \"cached\": false, \"target\": \"/AmazonS3CreateObjectInput/bucketName\", \"mapNull\": false, \"disabled\": false, \"extractXml\": false, \"extractJson\": false, \"targetOrder\": 2.0, \"targetValue\": \"lbfiletest\", \"mapEmptyString\": false, \"targetJavaType\": \"java.lang.String\", \"variableSubstitution\": false}}, {\"map\": {\"id\": \"5caec86e-cb46-465f-aba5-d5d96c09a142\", \"root\": false, \"type\": \"setValue\", \"cached\": false, \"target\": \"/AmazonS3CreateObjectInput/key\", \"mapNull\": false, \"disabled\": false, \"extractXml\": false, \"extractJson\": false, \"targetOrder\": 3.0, \"targetValue\": \"Test/shopify_order_%{/shopifyOrderCreationWHPayload/id}%.csv\", \"mapEmptyString\": false, \"targetJavaType\": \"java.lang.String\", \"variableSubstitution\": true}}, {\"map\": {\"id\": \"77fe1bbd-be5b-4ab1-a28a-1e04820bd495\", \"root\": false, \"type\": \"setValue\", \"cached\": false, \"target\": \"/AmazonS3CreateObjectInput/inputType\", \"mapNull\": false, \"disabled\": false, \"extractXml\": false, \"extractJson\": false, \"targetOrder\": 5.0, \"targetValue\": \"String\", \"mapEmptyString\": false, \"targetJavaType\": \"java.lang.String\", \"variableSubstitution\": false}}, {\"map\": {\"id\": \"af4d02a3-5489-4ba6-a337-5d4ebdf85d7c\", \"root\": false, \"type\": \"setValue\", \"cached\": false, \"target\": \"/AmazonS3CreateObjectInput/contentType\", \"mapNull\": false, \"disabled\": false, \"extractXml\": false, \"extractJson\": false, \"targetOrder\": 6.0, \"targetValue\": \"text/csv\", \"mapEmptyString\": false, \"targetJavaType\": \"java.lang.String\", \"variableSubstitution\": false}}]}",
    "null" : false
  },
  "output_config_json" : {
    "type" : "jsonb",
    "value" : "{\"crossRef\": [], \"services\": [], \"multistep\": [], \"operations\": [{\"map\": {\"id\": \"da82f0c8-4707-4255-89d1-0d632a37e3b9\", \"root\": true, \"type\": \"map\", \"cached\": false, \"source\": \"/AmazonS3CreateObjectOutput\", \"target\": \"/AmazonS3CreateObjectOutput\", \"mapNull\": false, \"disabled\": false, \"extractXml\": false, \"extractJson\": false, \"mapEmptyString\": false}}]}",
    "null" : false
  },
  "component_id" : "e91d1785-bfa5-473b-a37f-be1745a4484d",
  "service_id" : "7feaab5a-4799-4c14-b4f2-cddc45e19247",
  "endpoint_id" : "f2eb5df2-7759-4224-bf71-c7f4459d0e24",
  "parent_component_config_id" : "782961b4-d5e0-4ac0-9bba-b6f5aa0dd806",
  "component_config_order" : 3.0,
  "action_id" : "7fff23b8-bd84-4f9d-bbf4-28d78d6086df",
  "name" : "Upload to S3",
  "description" : "",
  "override_endpoint" : false,
  "input_structure_json" : {
    "type" : "jsonb",
    "value" : "{\"maps\": [{\"/AmazonS3CreateObjectInput/bucketName\": [{\"type\": \"setValue\", \"target\": {\"path\": \"/AmazonS3CreateObjectInput/bucketName\", \"order\": 2, \"title\": \"bucketName\", \"dataElementType\": \"string\"}, \"values\": [{\"id\": \"4ae5c01d-beee-439d-a66b-ab0b4ad4cea3\", \"key\": \"/AmazonS3CreateObjectInput/bucketName\", \"type\": \"string\", \"order\": 2, \"title\": \"bucketName\", \"isLeaf\": true, \"children\": [], \"setValue\": null, \"isDynamic\": true, \"uiElement\": \"lbfiletest\", \"actionName\": \"GetAllBuckets\", \"dependents\": [], \"isSetValue\": false, \"childrenSet\": false, \"hasChildren\": false, \"dataElementType\": \"string\", \"encryption_required\": false}], \"mapCondition\": {\"isConditionSet\": false, \"sourceTreeIndex\": [], \"targetTreeIndex\": [], \"mapConditionFormValue\": {}}, \"variableSubstitution\": false, \"overwritePipelineValue\": false}]}, {\"/AmazonS3CreateObjectInput/key\": [{\"type\": \"setValue\", \"target\": {\"path\": \"/AmazonS3CreateObjectInput/key\", \"order\": 3, \"title\": \"key\", \"dataElementType\": \"string\"}, \"values\": [{\"id\": \"e903fb8f-c17e-4874-84d7-b682c50895dc\", \"key\": \"/AmazonS3CreateObjectInput/key\", \"type\": \"string\", \"order\": 3, \"title\": \"key\", \"isLeaf\": true, \"children\": [], \"setValue\": null, \"uiElement\": \"Test/shopify_order_<input _ngcontent-ng-c3455819434=\\\"\\\" class=\\\"chip\\\" title=\\\"/shopifyOrderCreationWHPayload/id\\\" readonly=\\\"true\\\" disabled=\\\"true\\\" type=\\\"button\\\" value=\\\"id\\\">.csv\", \"isSetValue\": false, \"childrenSet\": false, \"hasChildren\": false, \"dataElementType\": \"string\", \"encryption_required\": false}], \"mapCondition\": {\"isConditionSet\": false, \"sourceTreeIndex\": [], \"targetTreeIndex\": [], \"mapConditionFormValue\": {}}, \"variableSubstitution\": true, \"overwritePipelineValue\": false}]}, {\"/AmazonS3CreateObjectInput/content\": [{\"type\": \"map\", \"source\": {\"path\": \"/ffString\", \"title\": \"ffString\", \"dataElementType\": \"string\"}, \"target\": {\"path\": \"/AmazonS3CreateObjectInput/content\", \"order\": 4, \"title\": \"content\", \"dataElementType\": \"string\"}, \"mapCondition\": {\"isConditionSet\": false, \"sourceTreeIndex\": [], \"targetTreeIndex\": [], \"mapConditionFormValue\": {}}}]}, {\"/AmazonS3CreateObjectInput/inputType\": [{\"type\": \"setValue\", \"target\": {\"path\": \"/AmazonS3CreateObjectInput/inputType\", \"order\": 5, \"title\": \"inputType\", \"dataElementType\": \"string\"}, \"values\": [{\"id\": \"ca7f9810-c189-4cb6-8454-24d7313bd54b\", \"key\": \"/AmazonS3CreateObjectInput/inputType\", \"type\": \"string\", \"order\": 5, \"title\": \"inputType\", \"isLeaf\": true, \"children\": [], \"setValue\": \"String\", \"isSetValue\": false, \"childrenSet\": false, \"hasChildren\": false, \"dataElementType\": \"string\", \"encryption_required\": false}], \"mapCondition\": {\"isConditionSet\": false, \"sourceTreeIndex\": [], \"targetTreeIndex\": [], \"mapConditionFormValue\": {}}, \"variableSubstitution\": false, \"overwritePipelineValue\": false}]}, {\"/AmazonS3CreateObjectInput/contentType\": [{\"type\": \"setValue\", \"target\": {\"path\": \"/AmazonS3CreateObjectInput/contentType\", \"order\": 6, \"title\": \"contentType\", \"dataElementType\": \"string\"}, \"values\": [{\"id\": \"c5a3ce41-9694-463f-90da-781043110b03\", \"key\": \"/AmazonS3CreateObjectInput/contentType\", \"type\": \"string\", \"order\": 6, \"title\": \"contentType\", \"isLeaf\": true, \"children\": [], \"setValue\": null, \"uiElement\": \"text/csv\", \"isSetValue\": false, \"childrenSet\": false, \"hasChildren\": false, \"dataElementType\": \"string\", \"encryption_required\": false}], \"mapCondition\": {\"isConditionSet\": false, \"sourceTreeIndex\": [], \"targetTreeIndex\": [], \"mapConditionFormValue\": {}}, \"variableSubstitution\": false, \"overwritePipelineValue\": false}]}], \"mappedNodes\": [\"/AmazonS3CreateObjectOutput\", \"/AmazonS3CreateObjectOutputpipeOut\", \"/AmazonS3CreateObjectInput/bucketName actionIn\", \"/AmazonS3CreateObjectInput actionIn\", \"/AmazonS3CreateObjectInput/key actionIn\", \"/AmazonS3CreateObjectInput actionIn\", \"/AmazonS3CreateObjectInput actionIn\", \"/AmazonS3CreateObjectInput actionIn\", \"/ffString pipeIn\", \"/AmazonS3CreateObjectInput/content actionIn\", \"/AmazonS3CreateObjectInput/inputType actionIn\", \"/AmazonS3CreateObjectInput actionIn\", \"/AmazonS3CreateObjectInput/contentType actionIn\", \"/AmazonS3CreateObjectInput actionIn\"]}",
    "null" : false
  },
  "output_structure_json" : {
    "type" : "jsonb",
    "value" : "{\"maps\": [{\"/AmazonS3CreateObjectOutput\": [{\"type\": \"map\", \"source\": {\"path\": \"/AmazonS3CreateObjectOutput\", \"title\": \"AmazonS3CreateObjectOutput\", \"dataElementType\": \"document\"}, \"target\": {\"path\": \"/AmazonS3CreateObjectOutput\", \"alias\": null, \"order\": null, \"title\": \"AmazonS3CreateObjectOutput\", \"dataElementType\": \"document\"}, \"mapCondition\": {\"mapNull\": null, \"defaultValue\": null, \"isConditionSet\": false, \"mapEmptyString\": null, \"sourceTreeIndex\": [], \"targetTreeIndex\": [], \"mapConditionFormValue\": {\"fields\": null}}}]}], \"tracks\": {}, \"transformer\": []}",
    "null" : false
  },
  "endpoint_structure_json" : {
    "type" : "jsonb",
    "value" : "{\"maps\": []}",
    "null" : false
  },
  "is_error" : false,
  "no_of_errors" : 0,
  "action_input_type" : null,
  "config_service_id" : null,
  "config_imap_id" : null,
  "config_b2b_document_type_id" : null,
  "config_document_id" : null,
  "add_variables" : {
    "type" : "jsonb",
    "value" : "[]",
    "null" : false
  },
  "drop_variables" : {
    "type" : "jsonb",
    "value" : "[]",
    "null" : false
  },
  "plug_input_structure" : null,
  "plug_output_structure" : null,
  "config_plug_id" : null,
  "override_plug" : false,
  "config_java_service_id" : null,
  "service_tag" : "EMPTY",
  "endpoint_tag" : "EMPTY",
  "config_service_tag" : "",
  "config_imap_tag" : "",
  "config_b2b_document_type_tag" : "",
  "active" : true,
  "parent_component_config_service_tag" : "EMPTY",
  "service_project_id" : "a96c85f1-5686-4569-a816-249365ad8006",
  "service_project_tag" : "EMPTY",
  "config_service_project_id" : null,
  "config_service_project_tag" : "",
  "config_imap_project_id" : null,
  "config_imap_project_tag" : "",
  "config_b2b_document_type_project_id" : null,
  "config_b2b_document_type_project_tag" : "",
  "endpoint_project_id" : "a96c85f1-5686-4569-a816-249365ad8006",
  "endpoint_project_tag" : "EMPTY",
  "config_plug_tag" : null,
  "config_plug_project_id" : null,
  "config_plug_project_tag" : null,
  "config_java_service_tag" : "",
  "config_java_service_project_id" : null,
  "config_java_service_project_tag" : "",
  "disabled" : false,
  "config" : null,
  "config_b2b_document_type_project_mode_id" : "112c1cb8-4b9e-4d1a-a042-0bd031dc7d05",
  "config_imap_project_mode_id" : "112c1cb8-4b9e-4d1a-a042-0bd031dc7d05",
  "config_java_service_project_mode_id" : "112c1cb8-4b9e-4d1a-a042-0bd031dc7d05",
  "config_plug_project_mode_id" : "112c1cb8-4b9e-4d1a-a042-0bd031dc7d05",
  "config_service_project_mode_id" : "112c1cb8-4b9e-4d1a-a042-0bd031dc7d05",
  "endpoint_project_mode_id" : "112c1cb8-4b9e-4d1a-a042-0bd031dc7d05",
  "service_project_mode_id" : "112c1cb8-4b9e-4d1a-a042-0bd031dc7d05",
  "parent_component_config_service_project_mode_id" : "112c1cb8-4b9e-4d1a-a042-0bd031dc7d05",
  "is_audit" : true,
  "keys_with_order" : null
}