{
  "id" : "f2eb5df2-7759-4224-bf71-c7f4459d0e24",
  "name" : "AWS S3",
  "description" : "LBH S3User",
  "connection_config" : "{\"uiJson\":[{\"id\":\"112c1cb8-4b9e-4d1a-a042-0bd031dc7d05\",\"name\":\"DESIGN\",\"nodes\":[{\"name\":\"security\",\"type\":\"object\",\"label\":\"General\",\"children\":[{\"mode\":\"default\",\"name\":\"connection_type\",\"type\":\"select\",\"label\":\"Connection Type\",\"order\":0,\"secret\":false,\"options\":[{\"label\":\"Access Key\",\"value\":\"Access Key\",\"parameters\":[{\"name\":\"url\",\"type\":\"string\",\"label\":\"URL\",\"order\":1,\"required\":false,\"description\":\"Enter URL only for non-Amazon S3 storage (e.g., NetApp S3). Leave blank for Amazon S3. URL should start with http/https.\",\"placeholder\":\"Specify URL only for non-Amazon S3. Leave blank for AWS S3.\"},{\"name\":\"accesskey\",\"type\":\"string\",\"label\":\"Access Key\",\"order\":2,\"value\":\"sss\",\"required\":true,\"description\":\"Specify the Access Key.\",\"placeholder\":\"Enter the Access Key\"},{\"name\":\"secretkey\",\"type\":\"string\",\"label\":\"Secret Key\",\"order\":3,\"value\":\"sss\",\"secret\":true,\"required\":true,\"description\":\"Specify the Secret Key.\",\"placeholder\":\"Enter the Secret Key\",\"vault_required\":true,\"encryption_required\":true},{\"name\":\"region\",\"type\":\"string\",\"label\":\"Region\",\"order\":4,\"value\":\"us-east-1\",\"required\":true,\"description\":\"Specify the Region.(example:us-east-1)\",\"placeholder\":\"Enter the Region\"}]},{\"label\":\"IAM Role\",\"value\":\"IAM Role\",\"parameters\":[{\"name\":\"rolearn\",\"type\":\"string\",\"label\":\"Role ARN\",\"order\":1,\"required\":true,\"description\":\"Specify the Role ARN.\",\"placeholder\":\"Enter the Role ARN\"}]}],\"required\":true,\"selected\":\"Access Key\",\"allowClear\":false,\"showSearch\":false,\"description\":\"Specify the Connection Type.\",\"placeholder\":\"Specify the Connection Type\",\"isExpandable\":\"true\"},{\"name\":\"url\",\"type\":\"string\",\"label\":\"URL\",\"order\":1,\"required\":false,\"description\":\"Enter URL only for non-Amazon S3 storage (e.g., NetApp S3). Leave blank for Amazon S3. URL should start with http/https.\",\"placeholder\":\"Specify URL only for non-Amazon S3. Leave blank for AWS S3.\"},{\"name\":\"accesskey\",\"type\":\"string\",\"label\":\"Access Key\",\"order\":2,\"value\":\"sss\",\"required\":true,\"description\":\"Specify the Access Key.\",\"placeholder\":\"Enter the Access Key\"},{\"name\":\"secretkey\",\"type\":\"string\",\"label\":\"Secret Key\",\"order\":3,\"value\":\"sss\",\"secret\":true,\"required\":true,\"description\":\"Specify the Secret Key.\",\"placeholder\":\"Enter the Secret Key\",\"vault_required\":true,\"encryption_required\":true},{\"name\":\"region\",\"type\":\"string\",\"label\":\"Region\",\"order\":4,\"value\":\"us-east-1\",\"required\":true,\"description\":\"Specify the Region.(example:us-east-1)\",\"placeholder\":\"Enter the Region\"},{\"mode\":\"default\",\"name\":\"proxy_enabled\",\"type\":\"select\",\"label\":\"Proxy\",\"order\":7,\"secret\":false,\"options\":[{\"label\":\"None\",\"value\":\"None\",\"parameters\":[]},{\"label\":\"external_proxy\",\"value\":\"External Proxy\",\"parameters\":[{\"mode\":\"default\",\"name\":\"proxy_protocol\",\"type\":\"select\",\"label\":\"Proxy Protocol\",\"order\":8,\"options\":[{\"label\":\"HTTP\",\"value\":\"HTTP\"},{\"label\":\"SOCKS\",\"value\":\"SOCKS\"}],\"required\":true,\"selected\":\"HTTP\",\"allowClear\":false,\"showSearch\":false,\"description\":\"Specify Proxy Protocol\",\"placeholder\":\"Choose the proxy protocol\"},{\"mode\":\"default\",\"name\":\"proxy_host\",\"type\":\"string\",\"label\":\"Proxy Host\",\"order\":1,\"value\":\"\",\"required\":true,\"description\":\"Specify the Proxy Host.\",\"placeholder\":\"Enter Proxy Host\"},{\"mode\":\"default\",\"name\":\"proxy_port\",\"type\":\"integer\",\"label\":\"Proxy Port\",\"order\":1,\"value\":\"\",\"required\":true,\"description\":\"Specify the Proxy Port.\",\"placeholder\":\"Enter Proxy Port\"},{\"mode\":\"default\",\"name\":\"proxy_authentication\",\"type\":\"select\",\"label\":\"Proxy Authentication\",\"order\":1,\"secret\":false,\"options\":[{\"label\":\"None\",\"value\":\"None\",\"parameters\":[]},{\"label\":\"Basic\",\"value\":\"Basic\",\"parameters\":[{\"mode\":\"default\",\"name\":\"proxy_username\",\"type\":\"string\",\"label\":\"User Name\",\"order\":2,\"required\":true,\"description\":\"Specify the User name\",\"placeholder\":\"Enter User name\"},{\"mode\":\"default\",\"name\":\"proxy_password\",\"type\":\"string\",\"label\":\"Password\",\"order\":2,\"secret\":true,\"required\":true,\"description\":\"Specify the Password\",\"placeholder\":\"Enter Password\",\"vault_required\":true,\"encryption_required\":true}]}],\"required\":true,\"selected\":\"None\",\"allowClear\":false,\"showSearch\":false,\"description\":\"Specify Proxy Authentication\",\"placeholder\":\"Choose the proxy authentication\"}]}],\"required\":false,\"selected\":\"None\",\"allowClear\":false,\"showSearch\":false,\"description\":\"Choose the Proxy Configuration\",\"placeholder\":\"Choose the proxy configuration\"}],\"parameters\":[{\"mode\":\"default\",\"name\":\"connection_type\",\"type\":\"select\",\"label\":\"Connection Type\",\"order\":0,\"secret\":false,\"options\":[{\"label\":\"Access Key\",\"value\":\"Access Key\",\"parameters\":[{\"name\":\"url\",\"type\":\"string\",\"label\":\"URL\",\"order\":1,\"required\":false,\"description\":\"Enter URL only for non-Amazon S3 storage (e.g., NetApp S3). Leave blank for Amazon S3. URL should start with http/https.\",\"placeholder\":\"Specify URL only for non-Amazon S3. Leave blank for AWS S3.\"},{\"name\":\"accesskey\",\"type\":\"string\",\"label\":\"Access Key\",\"order\":2,\"value\":\"AKIAV7SX4LLLXFJ7MGO6\",\"required\":true,\"description\":\"Specify the Access Key.\",\"placeholder\":\"Enter the Access Key\"},{\"name\":\"secretkey\",\"type\":\"string\",\"label\":\"Secret Key\",\"order\":3,\"value\":\"uLBJbOnppbnDOZkauddjOhvVzRm9q6tdqG1YiK9E\",\"secret\":true,\"required\":true,\"description\":\"Specify the Secret Key.\",\"placeholder\":\"Enter the Secret Key\",\"vault_required\":true,\"encryption_required\":true},{\"name\":\"region\",\"type\":\"string\",\"label\":\"Region\",\"order\":4,\"value\":\"us-east-1\",\"required\":true,\"description\":\"Specify the Region.(example:us-east-1)\",\"placeholder\":\"Enter the Region\"}]},{\"label\":\"IAM Role\",\"value\":\"IAM Role\",\"parameters\":[{\"name\":\"rolearn\",\"type\":\"string\",\"label\":\"Role ARN\",\"order\":1,\"required\":true,\"description\":\"Specify the Role ARN.\",\"placeholder\":\"Enter the Role ARN\"}]}],\"required\":true,\"selected\":\"Access Key\",\"allowClear\":false,\"showSearch\":false,\"description\":\"Specify the Connection Type.\",\"placeholder\":\"Specify the Connection Type\",\"isExpandable\":\"true\"},{\"name\":\"url\",\"type\":\"string\",\"label\":\"URL\",\"order\":1,\"required\":false,\"description\":\"Enter URL only for non-Amazon S3 storage (e.g., NetApp S3). Leave blank for Amazon S3. URL should start with http/https.\",\"placeholder\":\"Specify URL only for non-Amazon S3. Leave blank for AWS S3.\"},{\"name\":\"accesskey\",\"type\":\"string\",\"label\":\"Access Key\",\"order\":2,\"value\":\"AKIAV7SX4LLLXFJ7MGO6\",\"required\":true,\"description\":\"Specify the Access Key.\",\"placeholder\":\"Enter the Access Key\"},{\"name\":\"secretkey\",\"type\":\"string\",\"label\":\"Secret Key\",\"order\":3,\"value\":\"uLBJbOnppbnDOZkauddjOhvVzRm9q6tdqG1YiK9E\",\"secret\":true,\"required\":true,\"description\":\"Specify the Secret Key.\",\"placeholder\":\"Enter the Secret Key\",\"vault_required\":true,\"encryption_required\":true},{\"name\":\"region\",\"type\":\"string\",\"label\":\"Region\",\"order\":4,\"value\":\"us-east-1\",\"required\":true,\"description\":\"Specify the Region.(example:us-east-1)\",\"placeholder\":\"Enter the Region\"},{\"mode\":\"default\",\"name\":\"proxy_enabled\",\"type\":\"select\",\"label\":\"Proxy\",\"order\":7,\"secret\":false,\"options\":[{\"label\":\"None\",\"value\":\"None\",\"parameters\":[]},{\"label\":\"external_proxy\",\"value\":\"External Proxy\",\"parameters\":[{\"mode\":\"default\",\"name\":\"proxy_protocol\",\"type\":\"select\",\"label\":\"Proxy Protocol\",\"order\":8,\"options\":[{\"label\":\"HTTP\",\"value\":\"HTTP\"},{\"label\":\"SOCKS\",\"value\":\"SOCKS\"}],\"required\":true,\"selected\":\"HTTP\",\"allowClear\":false,\"showSearch\":false,\"description\":\"Specify Proxy Protocol\",\"placeholder\":\"Choose the proxy protocol\"},{\"mode\":\"default\",\"name\":\"proxy_host\",\"type\":\"string\",\"label\":\"Proxy Host\",\"order\":1,\"value\":\"\",\"required\":true,\"description\":\"Specify the Proxy Host.\",\"placeholder\":\"Enter Proxy Host\"},{\"mode\":\"default\",\"name\":\"proxy_port\",\"type\":\"integer\",\"label\":\"Proxy Port\",\"order\":1,\"value\":\"\",\"required\":true,\"description\":\"Specify the Proxy Port.\",\"placeholder\":\"Enter Proxy Port\"},{\"mode\":\"default\",\"name\":\"proxy_authentication\",\"type\":\"select\",\"label\":\"Proxy Authentication\",\"order\":1,\"secret\":false,\"options\":[{\"label\":\"None\",\"value\":\"None\",\"parameters\":[]},{\"label\":\"Basic\",\"value\":\"Basic\",\"parameters\":[{\"mode\":\"default\",\"name\":\"proxy_username\",\"type\":\"string\",\"label\":\"User Name\",\"order\":2,\"required\":true,\"description\":\"Specify the User name\",\"placeholder\":\"Enter User name\"},{\"mode\":\"default\",\"name\":\"proxy_password\",\"type\":\"string\",\"label\":\"Password\",\"order\":2,\"secret\":true,\"required\":true,\"description\":\"Specify the Password\",\"placeholder\":\"Enter Password\",\"vault_required\":true,\"encryption_required\":true}]}],\"required\":true,\"selected\":\"None\",\"allowClear\":false,\"showSearch\":false,\"description\":\"Specify Proxy Authentication\",\"placeholder\":\"Choose the proxy authentication\"}]}],\"required\":false,\"selected\":\"None\",\"allowClear\":false,\"showSearch\":false,\"description\":\"Choose the Proxy Configuration\",\"placeholder\":\"Choose the proxy configuration\"}]}]},{\"id\":\"81e359da-9454-40ba-b968-1273a3b8e37b\",\"name\":\"CHECK\",\"nodes\":[{\"name\":\"security\",\"type\":\"object\",\"label\":\"General\",\"children\":[{\"mode\":\"default\",\"name\":\"connection_type\",\"type\":\"select\",\"label\":\"Connection Type\",\"order\":0,\"secret\":false,\"options\":[{\"label\":\"Access Key\",\"value\":\"Access Key\",\"parameters\":[{\"name\":\"url\",\"type\":\"string\",\"label\":\"URL\",\"order\":1,\"required\":false,\"description\":\"Enter URL only for non-Amazon S3 storage (e.g., NetApp S3). Leave blank for Amazon S3. URL should start with http/https.\",\"placeholder\":\"Specify URL only for non-Amazon S3. Leave blank for AWS S3.\"},{\"name\":\"accesskey\",\"type\":\"string\",\"label\":\"Access Key\",\"order\":2,\"required\":true,\"description\":\"Specify the Access Key.\",\"placeholder\":\"Enter the Access Key\"},{\"name\":\"secretkey\",\"type\":\"string\",\"label\":\"Secret Key\",\"order\":3,\"secret\":true,\"required\":true,\"description\":\"Specify the Secret Key.\",\"placeholder\":\"Enter the Secret Key\",\"vault_required\":true,\"encryption_required\":true},{\"name\":\"region\",\"type\":\"string\",\"label\":\"Region\",\"order\":4,\"required\":true,\"description\":\"Specify the Region.(example:us-east-1)\",\"placeholder\":\"Enter the Region\"}]},{\"label\":\"IAM Role\",\"value\":\"IAM Role\",\"parameters\":[{\"name\":\"rolearn\",\"type\":\"string\",\"label\":\"Role ARN\",\"order\":1,\"required\":true,\"description\":\"Specify the Role ARN.\",\"placeholder\":\"Enter the Role ARN\"}]}],\"required\":true,\"selected\":\"Access Key\",\"allowClear\":false,\"showSearch\":false,\"description\":\"Specify the Connection Type.\",\"placeholder\":\"Specify the Connection Type\",\"isExpandable\":\"true\"},{\"mode\":\"default\",\"name\":\"proxy_enabled\",\"type\":\"select\",\"label\":\"Proxy\",\"order\":7,\"secret\":false,\"options\":[{\"label\":\"None\",\"value\":\"None\",\"parameters\":[]},{\"label\":\"external_proxy\",\"value\":\"External Proxy\",\"parameters\":[{\"mode\":\"default\",\"name\":\"proxy_protocol\",\"type\":\"select\",\"label\":\"Proxy Protocol\",\"order\":8,\"options\":[{\"label\":\"HTTP\",\"value\":\"HTTP\"},{\"label\":\"SOCKS\",\"value\":\"SOCKS\"}],\"required\":true,\"selected\":\"HTTP\",\"allowClear\":false,\"showSearch\":false,\"description\":\"Specify Proxy Protocol\",\"placeholder\":\"Choose the proxy protocol\"},{\"mode\":\"default\",\"name\":\"proxy_host\",\"type\":\"string\",\"label\":\"Proxy Host\",\"order\":1,\"value\":\"\",\"required\":true,\"description\":\"Specify the Proxy Host.\",\"placeholder\":\"Enter Proxy Host\"},{\"mode\":\"default\",\"name\":\"proxy_port\",\"type\":\"integer\",\"label\":\"Proxy Port\",\"order\":1,\"value\":\"\",\"required\":true,\"description\":\"Specify the Proxy Port.\",\"placeholder\":\"Enter Proxy Port\"},{\"mode\":\"default\",\"name\":\"proxy_authentication\",\"type\":\"select\",\"label\":\"Proxy Authentication\",\"order\":1,\"secret\":false,\"options\":[{\"label\":\"None\",\"value\":\"None\",\"parameters\":[]},{\"label\":\"Basic\",\"value\":\"Basic\",\"parameters\":[{\"mode\":\"default\",\"name\":\"proxy_username\",\"type\":\"string\",\"label\":\"User Name\",\"order\":2,\"required\":true,\"description\":\"Specify the User name\",\"placeholder\":\"Enter User name\"},{\"mode\":\"default\",\"name\":\"proxy_password\",\"type\":\"string\",\"label\":\"Password\",\"order\":2,\"secret\":true,\"required\":true,\"description\":\"Specify the Password\",\"placeholder\":\"Enter Password\",\"vault_required\":true,\"encryption_required\":true}]}],\"required\":true,\"selected\":\"None\",\"allowClear\":false,\"showSearch\":false,\"description\":\"Specify Proxy Authentication\",\"placeholder\":\"Choose the proxy authentication\"}]}],\"required\":false,\"selected\":\"None\",\"allowClear\":false,\"showSearch\":false,\"description\":\"Choose the Proxy Configuration\",\"placeholder\":\"Choose the proxy configuration\"}],\"parameters\":[{\"mode\":\"default\",\"name\":\"connection_type\",\"type\":\"select\",\"label\":\"Connection Type\",\"order\":0,\"secret\":false,\"options\":[{\"label\":\"Access Key\",\"value\":\"Access Key\",\"parameters\":[{\"name\":\"url\",\"type\":\"string\",\"label\":\"URL\",\"order\":1,\"required\":false,\"description\":\"Enter URL only for non-Amazon S3 storage (e.g., NetApp S3). Leave blank for Amazon S3. URL should start with http/https.\",\"placeholder\":\"Specify URL only for non-Amazon S3. Leave blank for AWS S3.\"},{\"name\":\"accesskey\",\"type\":\"string\",\"label\":\"Access Key\",\"order\":2,\"required\":true,\"description\":\"Specify the Access Key.\",\"placeholder\":\"Enter the Access Key\"},{\"name\":\"secretkey\",\"type\":\"string\",\"label\":\"Secret Key\",\"order\":3,\"secret\":true,\"required\":true,\"description\":\"Specify the Secret Key.\",\"placeholder\":\"Enter the Secret Key\",\"vault_required\":true,\"encryption_required\":true},{\"name\":\"region\",\"type\":\"string\",\"label\":\"Region\",\"order\":4,\"required\":true,\"description\":\"Specify the Region.(example:us-east-1)\",\"placeholder\":\"Enter the Region\"}]},{\"label\":\"IAM Role\",\"value\":\"IAM Role\",\"parameters\":[{\"name\":\"rolearn\",\"type\":\"string\",\"label\":\"Role ARN\",\"order\":1,\"required\":true,\"description\":\"Specify the Role ARN.\",\"placeholder\":\"Enter the Role ARN\"}]}],\"required\":true,\"selected\":\"Access Key\",\"allowClear\":false,\"showSearch\":false,\"description\":\"Specify the Connection Type.\",\"placeholder\":\"Specify the Connection Type\",\"isExpandable\":\"true\"},{\"mode\":\"default\",\"name\":\"proxy_enabled\",\"type\":\"select\",\"label\":\"Proxy\",\"order\":7,\"secret\":false,\"options\":[{\"label\":\"None\",\"value\":\"None\",\"parameters\":[]},{\"label\":\"external_proxy\",\"value\":\"External Proxy\",\"parameters\":[{\"mode\":\"default\",\"name\":\"proxy_protocol\",\"type\":\"select\",\"label\":\"Proxy Protocol\",\"order\":8,\"options\":[{\"label\":\"HTTP\",\"value\":\"HTTP\"},{\"label\":\"SOCKS\",\"value\":\"SOCKS\"}],\"required\":true,\"selected\":\"HTTP\",\"allowClear\":false,\"showSearch\":false,\"description\":\"Specify Proxy Protocol\",\"placeholder\":\"Choose the proxy protocol\"},{\"mode\":\"default\",\"name\":\"proxy_host\",\"type\":\"string\",\"label\":\"Proxy Host\",\"order\":1,\"value\":\"\",\"required\":true,\"description\":\"Specify the Proxy Host.\",\"placeholder\":\"Enter Proxy Host\"},{\"mode\":\"default\",\"name\":\"proxy_port\",\"type\":\"integer\",\"label\":\"Proxy Port\",\"order\":1,\"value\":\"\",\"required\":true,\"description\":\"Specify the Proxy Port.\",\"placeholder\":\"Enter Proxy Port\"},{\"mode\":\"default\",\"name\":\"proxy_authentication\",\"type\":\"select\",\"label\":\"Proxy Authentication\",\"order\":1,\"secret\":false,\"options\":[{\"label\":\"None\",\"value\":\"None\",\"parameters\":[]},{\"label\":\"Basic\",\"value\":\"Basic\",\"parameters\":[{\"mode\":\"default\",\"name\":\"proxy_username\",\"type\":\"string\",\"label\":\"User Name\",\"order\":2,\"required\":true,\"description\":\"Specify the User name\",\"placeholder\":\"Enter User name\"},{\"mode\":\"default\",\"name\":\"proxy_password\",\"type\":\"string\",\"label\":\"Password\",\"order\":2,\"secret\":true,\"required\":true,\"description\":\"Specify the Password\",\"placeholder\":\"Enter Password\",\"vault_required\":true,\"encryption_required\":true}]}],\"required\":true,\"selected\":\"None\",\"allowClear\":false,\"showSearch\":false,\"description\":\"Specify Proxy Authentication\",\"placeholder\":\"Choose the proxy authentication\"}]}],\"required\":false,\"selected\":\"None\",\"allowClear\":false,\"showSearch\":false,\"description\":\"Choose the Proxy Configuration\",\"placeholder\":\"Choose the proxy configuration\"}]}]},{\"id\":\"bdf2e4f5-a195-40b5-a82a-1d76ab30e077\",\"name\":\"LIVE\",\"nodes\":[{\"name\":\"security\",\"type\":\"object\",\"label\":\"General\",\"children\":[{\"mode\":\"default\",\"name\":\"connection_type\",\"type\":\"select\",\"label\":\"Connection Type\",\"order\":0,\"secret\":false,\"options\":[{\"label\":\"Access Key\",\"value\":\"Access Key\",\"parameters\":[{\"name\":\"url\",\"type\":\"string\",\"label\":\"URL\",\"order\":1,\"required\":false,\"description\":\"Enter URL only for non-Amazon S3 storage (e.g., NetApp S3). Leave blank for Amazon S3. URL should start with http/https.\",\"placeholder\":\"Specify URL only for non-Amazon S3. Leave blank for AWS S3.\"},{\"name\":\"accesskey\",\"type\":\"string\",\"label\":\"Access Key\",\"order\":2,\"required\":true,\"description\":\"Specify the Access Key.\",\"placeholder\":\"Enter the Access Key\"},{\"name\":\"secretkey\",\"type\":\"string\",\"label\":\"Secret Key\",\"order\":3,\"secret\":true,\"required\":true,\"description\":\"Specify the Secret Key.\",\"placeholder\":\"Enter the Secret Key\",\"vault_required\":true,\"encryption_required\":true},{\"name\":\"region\",\"type\":\"string\",\"label\":\"Region\",\"order\":4,\"required\":true,\"description\":\"Specify the Region.(example:us-east-1)\",\"placeholder\":\"Enter the Region\"}]},{\"label\":\"IAM Role\",\"value\":\"IAM Role\",\"parameters\":[{\"name\":\"rolearn\",\"type\":\"string\",\"label\":\"Role ARN\",\"order\":1,\"required\":true,\"description\":\"Specify the Role ARN.\",\"placeholder\":\"Enter the Role ARN\"}]}],\"required\":true,\"selected\":\"Access Key\",\"allowClear\":false,\"showSearch\":false,\"description\":\"Specify the Connection Type.\",\"placeholder\":\"Specify the Connection Type\",\"isExpandable\":\"true\"},{\"mode\":\"default\",\"name\":\"proxy_enabled\",\"type\":\"select\",\"label\":\"Proxy\",\"order\":7,\"secret\":false,\"options\":[{\"label\":\"None\",\"value\":\"None\",\"parameters\":[]},{\"label\":\"external_proxy\",\"value\":\"External Proxy\",\"parameters\":[{\"mode\":\"default\",\"name\":\"proxy_protocol\",\"type\":\"select\",\"label\":\"Proxy Protocol\",\"order\":8,\"options\":[{\"label\":\"HTTP\",\"value\":\"HTTP\"},{\"label\":\"SOCKS\",\"value\":\"SOCKS\"}],\"required\":true,\"selected\":\"HTTP\",\"allowClear\":false,\"showSearch\":false,\"description\":\"Specify Proxy Protocol\",\"placeholder\":\"Choose the proxy protocol\"},{\"mode\":\"default\",\"name\":\"proxy_host\",\"type\":\"string\",\"label\":\"Proxy Host\",\"order\":1,\"value\":\"\",\"required\":true,\"description\":\"Specify the Proxy Host.\",\"placeholder\":\"Enter Proxy Host\"},{\"mode\":\"default\",\"name\":\"proxy_port\",\"type\":\"integer\",\"label\":\"Proxy Port\",\"order\":1,\"value\":\"\",\"required\":true,\"description\":\"Specify the Proxy Port.\",\"placeholder\":\"Enter Proxy Port\"},{\"mode\":\"default\",\"name\":\"proxy_authentication\",\"type\":\"select\",\"label\":\"Proxy Authentication\",\"order\":1,\"secret\":false,\"options\":[{\"label\":\"None\",\"value\":\"None\",\"parameters\":[]},{\"label\":\"Basic\",\"value\":\"Basic\",\"parameters\":[{\"mode\":\"default\",\"name\":\"proxy_username\",\"type\":\"string\",\"label\":\"User Name\",\"order\":2,\"required\":true,\"description\":\"Specify the User name\",\"placeholder\":\"Enter User name\"},{\"mode\":\"default\",\"name\":\"proxy_password\",\"type\":\"string\",\"label\":\"Password\",\"order\":2,\"secret\":true,\"required\":true,\"description\":\"Specify the Password\",\"placeholder\":\"Enter Password\",\"vault_required\":true,\"encryption_required\":true}]}],\"required\":true,\"selected\":\"None\",\"allowClear\":false,\"showSearch\":false,\"description\":\"Specify Proxy Authentication\",\"placeholder\":\"Choose the proxy authentication\"}]}],\"required\":false,\"selected\":\"None\",\"allowClear\":false,\"showSearch\":false,\"description\":\"Choose the Proxy Configuration\",\"placeholder\":\"Choose the proxy configuration\"}],\"parameters\":[{\"mode\":\"default\",\"name\":\"connection_type\",\"type\":\"select\",\"label\":\"Connection Type\",\"order\":0,\"secret\":false,\"options\":[{\"label\":\"Access Key\",\"value\":\"Access Key\",\"parameters\":[{\"name\":\"url\",\"type\":\"string\",\"label\":\"URL\",\"order\":1,\"required\":false,\"description\":\"Enter URL only for non-Amazon S3 storage (e.g., NetApp S3). Leave blank for Amazon S3. URL should start with http/https.\",\"placeholder\":\"Specify URL only for non-Amazon S3. Leave blank for AWS S3.\"},{\"name\":\"accesskey\",\"type\":\"string\",\"label\":\"Access Key\",\"order\":2,\"required\":true,\"description\":\"Specify the Access Key.\",\"placeholder\":\"Enter the Access Key\"},{\"name\":\"secretkey\",\"type\":\"string\",\"label\":\"Secret Key\",\"order\":3,\"secret\":true,\"required\":true,\"description\":\"Specify the Secret Key.\",\"placeholder\":\"Enter the Secret Key\",\"vault_required\":true,\"encryption_required\":true},{\"name\":\"region\",\"type\":\"string\",\"label\":\"Region\",\"order\":4,\"required\":true,\"description\":\"Specify the Region.(example:us-east-1)\",\"placeholder\":\"Enter the Region\"}]},{\"label\":\"IAM Role\",\"value\":\"IAM Role\",\"parameters\":[{\"name\":\"rolearn\",\"type\":\"string\",\"label\":\"Role ARN\",\"order\":1,\"required\":true,\"description\":\"Specify the Role ARN.\",\"placeholder\":\"Enter the Role ARN\"}]}],\"required\":true,\"selected\":\"Access Key\",\"allowClear\":false,\"showSearch\":false,\"description\":\"Specify the Connection Type.\",\"placeholder\":\"Specify the Connection Type\",\"isExpandable\":\"true\"},{\"mode\":\"default\",\"name\":\"proxy_enabled\",\"type\":\"select\",\"label\":\"Proxy\",\"order\":7,\"secret\":false,\"options\":[{\"label\":\"None\",\"value\":\"None\",\"parameters\":[]},{\"label\":\"external_proxy\",\"value\":\"External Proxy\",\"parameters\":[{\"mode\":\"default\",\"name\":\"proxy_protocol\",\"type\":\"select\",\"label\":\"Proxy Protocol\",\"order\":8,\"options\":[{\"label\":\"HTTP\",\"value\":\"HTTP\"},{\"label\":\"SOCKS\",\"value\":\"SOCKS\"}],\"required\":true,\"selected\":\"HTTP\",\"allowClear\":false,\"showSearch\":false,\"description\":\"Specify Proxy Protocol\",\"placeholder\":\"Choose the proxy protocol\"},{\"mode\":\"default\",\"name\":\"proxy_host\",\"type\":\"string\",\"label\":\"Proxy Host\",\"order\":1,\"value\":\"\",\"required\":true,\"description\":\"Specify the Proxy Host.\",\"placeholder\":\"Enter Proxy Host\"},{\"mode\":\"default\",\"name\":\"proxy_port\",\"type\":\"integer\",\"label\":\"Proxy Port\",\"order\":1,\"value\":\"\",\"required\":true,\"description\":\"Specify the Proxy Port.\",\"placeholder\":\"Enter Proxy Port\"},{\"mode\":\"default\",\"name\":\"proxy_authentication\",\"type\":\"select\",\"label\":\"Proxy Authentication\",\"order\":1,\"secret\":false,\"options\":[{\"label\":\"None\",\"value\":\"None\",\"parameters\":[]},{\"label\":\"Basic\",\"value\":\"Basic\",\"parameters\":[{\"mode\":\"default\",\"name\":\"proxy_username\",\"type\":\"string\",\"label\":\"User Name\",\"order\":2,\"required\":true,\"description\":\"Specify the User name\",\"placeholder\":\"Enter User name\"},{\"mode\":\"default\",\"name\":\"proxy_password\",\"type\":\"string\",\"label\":\"Password\",\"order\":2,\"secret\":true,\"required\":true,\"description\":\"Specify the Password\",\"placeholder\":\"Enter Password\",\"vault_required\":true,\"encryption_required\":true}]}],\"required\":true,\"selected\":\"None\",\"allowClear\":false,\"showSearch\":false,\"description\":\"Specify Proxy Authentication\",\"placeholder\":\"Choose the proxy authentication\"}]}],\"required\":false,\"selected\":\"None\",\"allowClear\":false,\"showSearch\":false,\"description\":\"Choose the Proxy Configuration\",\"placeholder\":\"Choose the proxy configuration\"}]}]}],\"112c1cb8-4b9e-4d1a-a042-0bd031dc7d05\":{\"AmazonS3Endpoint\":{\"security\":{\"url\":null,\"region\":\"us-east-1\",\"accesskey\":\"sss\",\"secretkey\":\"sss\",\"proxy_enabled\":\"None\",\"connection_type\":\"Access Key\"}}},\"81e359da-9454-40ba-b968-1273a3b8e37b\":{\"AmazonS3Endpoint\":{\"security\":{\"proxy_enabled\":\"None\",\"connection_type\":\"Access Key\"}}},\"bdf2e4f5-a195-40b5-a82a-1d76ab30e077\":{\"AmazonS3Endpoint\":{\"security\":{\"proxy_enabled\":\"None\",\"connection_type\":\"Access Key\"}}}}",
  "endpoint_type_id" : "0f4c7817-64bd-430d-9175-2f67c50bc245",
  "enabled" : true,
  "bean_name" : "AmazonS3-fa9728ba-fb36-495e-97f9-211304f0b30d",
  "status" : {
    "type" : "jsonb",
    "value" : "{\"112c1cb8-4b9e-4d1a-a042-0bd031dc7d05\": true, \"81e359da-9454-40ba-b968-1273a3b8e37b\": true, \"bdf2e4f5-a195-40b5-a82a-1d76ab30e077\": true}",
    "null" : false
  },
  "auth_token_config" : {
    "type" : "jsonb",
    "value" : "{}",
    "null" : false
  },
  "avatar_id" : null,
  "tag" : "EMPTY",
  "active" : true,
  "is_changed" : true,
  "comment" : null,
  "is_error" : false,
  "base_tag" : "V6"
}