{
  "id" : "e8f4b137-6903-4861-846f-63e9e36a943b",
  "name" : "Brevo Email",
  "description" : null,
  "connection_config" : "{\"uiJson\":[{\"id\":\"112c1cb8-4b9e-4d1a-a042-0bd031dc7d05\",\"name\":\"DESIGN\",\"nodes\":[{\"name\":\"general\",\"type\":\"object\",\"label\":\"General\",\"children\":[{\"mode\":\"default\",\"name\":\"protocol\",\"type\":\"select\",\"label\":\"Protocol\",\"order\":1,\"secret\":false,\"options\":[{\"label\":\"smtp\",\"value\":\"smtp\"},{\"label\":\"smtps\",\"value\":\"smtps\"}],\"required\":true,\"selected\":\"smtps\",\"allowClear\":false,\"showSearch\":false,\"description\":\"Specify the specified as well as port.\",\"placeholder\":\"Choose the protocol\",\"defaultValue\":\"smtps\"},{\"name\":\"host\",\"type\":\"string\",\"label\":\"Host\",\"order\":2,\"value\":\"smtp-relay.brevo.com\",\"secret\":false,\"required\":true,\"description\":\"Specify the mail server host name.\",\"placeholder\":\"Specify the host name\"},{\"mode\":\"default\",\"name\":\"port\",\"type\":\"string\",\"label\":\"Port\",\"order\":3,\"value\":\"587\",\"secret\":false,\"required\":true,\"description\":\"Select the specified port based on protocol\",\"placeholder\":\"Select the specified port based on protocol\"},{\"name\":\"username\",\"type\":\"string\",\"label\":\"Username\",\"order\":4,\"value\":\"sss\",\"secret\":false,\"required\":true,\"description\":\"Specify the mail server username.\",\"placeholder\":\"Enter the mail username\"},{\"name\":\"password\",\"type\":\"string\",\"label\":\"Password\",\"order\":5,\"value\":\"sss\",\"secret\":true,\"required\":true,\"description\":\"Specify the mail server password.\",\"placeholder\":\"Enter the mail password\",\"vault_required\":true,\"encryption_required\":true}],\"parameters\":[{\"mode\":\"default\",\"name\":\"protocol\",\"type\":\"select\",\"label\":\"Protocol\",\"order\":1,\"secret\":false,\"options\":[{\"label\":\"smtp\",\"value\":\"smtp\"},{\"label\":\"smtps\",\"value\":\"smtps\"}],\"required\":true,\"selected\":\"smtps\",\"allowClear\":false,\"showSearch\":false,\"description\":\"Specify the specified as well as port.\",\"placeholder\":\"Choose the protocol\",\"defaultValue\":\"smtps\"},{\"name\":\"host\",\"type\":\"string\",\"label\":\"Host\",\"order\":2,\"value\":\"smtp-relay.brevo.com\",\"secret\":false,\"required\":true,\"description\":\"Specify the mail server host name.\",\"placeholder\":\"Specify the host name\"},{\"mode\":\"default\",\"name\":\"port\",\"type\":\"string\",\"label\":\"Port\",\"order\":3,\"value\":\"587\",\"secret\":false,\"required\":true,\"description\":\"Select the specified port based on protocol\",\"placeholder\":\"Select the specified port based on protocol\"},{\"name\":\"username\",\"type\":\"string\",\"label\":\"Username\",\"order\":4,\"value\":\"leor.brenman@gmail.com\",\"secret\":false,\"required\":true,\"description\":\"Specify the mail server username.\",\"placeholder\":\"Enter the mail username\"},{\"name\":\"password\",\"type\":\"string\",\"label\":\"Password\",\"order\":5,\"value\":\"7xkgXndAVFLT8fcv\",\"secret\":true,\"required\":true,\"description\":\"Specify the mail server password.\",\"placeholder\":\"Enter the mail password\",\"vault_required\":true,\"encryption_required\":true}]},{\"name\":\"advanced\",\"type\":\"object\",\"label\":\"Advanced\",\"children\":[{\"name\":\"connectionTimeout\",\"type\":\"number\",\"label\":\"Connection Timeout(ms)\",\"order\":6,\"value\":30000,\"secret\":false,\"required\":false,\"description\":\"Specify the Connection Timeout.\",\"placeholder\":\"Enter the connection time out\",\"defaultValue\":30000},{\"name\":\"retryInterval\",\"type\":\"number\",\"label\":\"Retry Interval(ms)\",\"order\":7,\"value\":100,\"secret\":false,\"required\":false,\"description\":\"Specify the interval between recovery attempts on failure in milliseconds. Default is 100(ms)\",\"placeholder\":\"Enter the retry interval\",\"defaultValue\":100},{\"name\":\"retryCount\",\"type\":\"number\",\"label\":\"Retry Count\",\"order\":8,\"value\":3,\"secret\":false,\"required\":false,\"description\":\"Specify the no.of retry attempts.\",\"placeholder\":\"Enter the retry count\",\"defaultValue\":3}],\"parameters\":[{\"name\":\"connectionTimeout\",\"type\":\"number\",\"label\":\"Connection Timeout(ms)\",\"order\":6,\"value\":30000,\"secret\":false,\"required\":false,\"description\":\"Specify the Connection Timeout.\",\"placeholder\":\"Enter the connection time out\",\"defaultValue\":30000},{\"name\":\"retryInterval\",\"type\":\"number\",\"label\":\"Retry Interval(ms)\",\"order\":7,\"value\":100,\"secret\":false,\"required\":false,\"description\":\"Specify the interval between recovery attempts on failure in milliseconds. Default is 100(ms)\",\"placeholder\":\"Enter the retry interval\",\"defaultValue\":100},{\"name\":\"retryCount\",\"type\":\"number\",\"label\":\"Retry Count\",\"order\":8,\"value\":3,\"secret\":false,\"required\":false,\"description\":\"Specify the no.of retry attempts.\",\"placeholder\":\"Enter the retry count\",\"defaultValue\":3}]}]},{\"id\":\"81e359da-9454-40ba-b968-1273a3b8e37b\",\"name\":\"CHECK\",\"nodes\":[{\"name\":\"general\",\"type\":\"object\",\"label\":\"General\",\"children\":[{\"mode\":\"default\",\"name\":\"protocol\",\"type\":\"select\",\"label\":\"Protocol\",\"order\":1,\"secret\":false,\"options\":[{\"label\":\"smtp\",\"value\":\"smtp\"},{\"label\":\"smtps\",\"value\":\"smtps\"}],\"required\":true,\"selected\":\"smtps\",\"allowClear\":false,\"showSearch\":false,\"description\":\"Specify the specified as well as port.\",\"placeholder\":\"Choose the protocol\",\"defaultValue\":\"smtps\"},{\"name\":\"host\",\"type\":\"string\",\"label\":\"Host\",\"order\":2,\"secret\":false,\"required\":true,\"description\":\"Specify the mail server host name.\",\"placeholder\":\"Specify the host name\"},{\"mode\":\"default\",\"name\":\"port\",\"type\":\"string\",\"label\":\"Port\",\"order\":3,\"secret\":false,\"required\":true,\"description\":\"Select the specified port based on protocol\",\"placeholder\":\"Select the specified port based on protocol\"},{\"name\":\"username\",\"type\":\"string\",\"label\":\"Username\",\"order\":4,\"secret\":false,\"required\":true,\"description\":\"Specify the mail server username.\",\"placeholder\":\"Enter the mail username\"},{\"name\":\"password\",\"type\":\"string\",\"label\":\"Password\",\"order\":5,\"secret\":true,\"required\":true,\"description\":\"Specify the mail server password.\",\"placeholder\":\"Enter the mail password\",\"vault_required\":true,\"encryption_required\":true}],\"parameters\":[{\"mode\":\"default\",\"name\":\"protocol\",\"type\":\"select\",\"label\":\"Protocol\",\"order\":1,\"secret\":false,\"options\":[{\"label\":\"smtp\",\"value\":\"smtp\"},{\"label\":\"smtps\",\"value\":\"smtps\"}],\"required\":true,\"selected\":\"smtps\",\"allowClear\":false,\"showSearch\":false,\"description\":\"Specify the specified as well as port.\",\"placeholder\":\"Choose the protocol\",\"defaultValue\":\"smtps\"},{\"name\":\"host\",\"type\":\"string\",\"label\":\"Host\",\"order\":2,\"secret\":false,\"required\":true,\"description\":\"Specify the mail server host name.\",\"placeholder\":\"Specify the host name\"},{\"mode\":\"default\",\"name\":\"port\",\"type\":\"string\",\"label\":\"Port\",\"order\":3,\"secret\":false,\"required\":true,\"description\":\"Select the specified port based on protocol\",\"placeholder\":\"Select the specified port based on protocol\"},{\"name\":\"username\",\"type\":\"string\",\"label\":\"Username\",\"order\":4,\"secret\":false,\"required\":true,\"description\":\"Specify the mail server username.\",\"placeholder\":\"Enter the mail username\"},{\"name\":\"password\",\"type\":\"string\",\"label\":\"Password\",\"order\":5,\"secret\":true,\"required\":true,\"description\":\"Specify the mail server password.\",\"placeholder\":\"Enter the mail password\",\"vault_required\":true,\"encryption_required\":true}]},{\"name\":\"advanced\",\"type\":\"object\",\"label\":\"Advanced\",\"children\":[{\"name\":\"connectionTimeout\",\"type\":\"number\",\"label\":\"Connection Timeout(ms)\",\"order\":6,\"value\":30000,\"secret\":false,\"required\":false,\"description\":\"Specify the Connection Timeout.\",\"placeholder\":\"Enter the connection time out\",\"defaultValue\":30000},{\"name\":\"retryInterval\",\"type\":\"number\",\"label\":\"Retry Interval(ms)\",\"order\":7,\"value\":100,\"secret\":false,\"required\":false,\"description\":\"Specify the interval between recovery attempts on failure in milliseconds. Default is 100(ms)\",\"placeholder\":\"Enter the retry interval\",\"defaultValue\":100},{\"name\":\"retryCount\",\"type\":\"number\",\"label\":\"Retry Count\",\"order\":8,\"value\":3,\"secret\":false,\"required\":false,\"description\":\"Specify the no.of retry attempts.\",\"placeholder\":\"Enter the retry count\",\"defaultValue\":3}],\"parameters\":[{\"name\":\"connectionTimeout\",\"type\":\"number\",\"label\":\"Connection Timeout(ms)\",\"order\":6,\"value\":30000,\"secret\":false,\"required\":false,\"description\":\"Specify the Connection Timeout.\",\"placeholder\":\"Enter the connection time out\",\"defaultValue\":30000},{\"name\":\"retryInterval\",\"type\":\"number\",\"label\":\"Retry Interval(ms)\",\"order\":7,\"value\":100,\"secret\":false,\"required\":false,\"description\":\"Specify the interval between recovery attempts on failure in milliseconds. Default is 100(ms)\",\"placeholder\":\"Enter the retry interval\",\"defaultValue\":100},{\"name\":\"retryCount\",\"type\":\"number\",\"label\":\"Retry Count\",\"order\":8,\"value\":3,\"secret\":false,\"required\":false,\"description\":\"Specify the no.of retry attempts.\",\"placeholder\":\"Enter the retry count\",\"defaultValue\":3}]}]},{\"id\":\"bdf2e4f5-a195-40b5-a82a-1d76ab30e077\",\"name\":\"LIVE\",\"nodes\":[{\"name\":\"general\",\"type\":\"object\",\"label\":\"General\",\"children\":[{\"mode\":\"default\",\"name\":\"protocol\",\"type\":\"select\",\"label\":\"Protocol\",\"order\":1,\"secret\":false,\"options\":[{\"label\":\"smtp\",\"value\":\"smtp\"},{\"label\":\"smtps\",\"value\":\"smtps\"}],\"required\":true,\"selected\":\"smtps\",\"allowClear\":false,\"showSearch\":false,\"description\":\"Specify the specified as well as port.\",\"placeholder\":\"Choose the protocol\",\"defaultValue\":\"smtps\"},{\"name\":\"host\",\"type\":\"string\",\"label\":\"Host\",\"order\":2,\"secret\":false,\"required\":true,\"description\":\"Specify the mail server host name.\",\"placeholder\":\"Specify the host name\"},{\"mode\":\"default\",\"name\":\"port\",\"type\":\"string\",\"label\":\"Port\",\"order\":3,\"secret\":false,\"required\":true,\"description\":\"Select the specified port based on protocol\",\"placeholder\":\"Select the specified port based on protocol\"},{\"name\":\"username\",\"type\":\"string\",\"label\":\"Username\",\"order\":4,\"secret\":false,\"required\":true,\"description\":\"Specify the mail server username.\",\"placeholder\":\"Enter the mail username\"},{\"name\":\"password\",\"type\":\"string\",\"label\":\"Password\",\"order\":5,\"secret\":true,\"required\":true,\"description\":\"Specify the mail server password.\",\"placeholder\":\"Enter the mail password\",\"vault_required\":true,\"encryption_required\":true}],\"parameters\":[{\"mode\":\"default\",\"name\":\"protocol\",\"type\":\"select\",\"label\":\"Protocol\",\"order\":1,\"secret\":false,\"options\":[{\"label\":\"smtp\",\"value\":\"smtp\"},{\"label\":\"smtps\",\"value\":\"smtps\"}],\"required\":true,\"selected\":\"smtps\",\"allowClear\":false,\"showSearch\":false,\"description\":\"Specify the specified as well as port.\",\"placeholder\":\"Choose the protocol\",\"defaultValue\":\"smtps\"},{\"name\":\"host\",\"type\":\"string\",\"label\":\"Host\",\"order\":2,\"secret\":false,\"required\":true,\"description\":\"Specify the mail server host name.\",\"placeholder\":\"Specify the host name\"},{\"mode\":\"default\",\"name\":\"port\",\"type\":\"string\",\"label\":\"Port\",\"order\":3,\"secret\":false,\"required\":true,\"description\":\"Select the specified port based on protocol\",\"placeholder\":\"Select the specified port based on protocol\"},{\"name\":\"username\",\"type\":\"string\",\"label\":\"Username\",\"order\":4,\"secret\":false,\"required\":true,\"description\":\"Specify the mail server username.\",\"placeholder\":\"Enter the mail username\"},{\"name\":\"password\",\"type\":\"string\",\"label\":\"Password\",\"order\":5,\"secret\":true,\"required\":true,\"description\":\"Specify the mail server password.\",\"placeholder\":\"Enter the mail password\",\"vault_required\":true,\"encryption_required\":true}]},{\"name\":\"advanced\",\"type\":\"object\",\"label\":\"Advanced\",\"children\":[{\"name\":\"connectionTimeout\",\"type\":\"number\",\"label\":\"Connection Timeout(ms)\",\"order\":6,\"value\":30000,\"secret\":false,\"required\":false,\"description\":\"Specify the Connection Timeout.\",\"placeholder\":\"Enter the connection time out\",\"defaultValue\":30000},{\"name\":\"retryInterval\",\"type\":\"number\",\"label\":\"Retry Interval(ms)\",\"order\":7,\"value\":100,\"secret\":false,\"required\":false,\"description\":\"Specify the interval between recovery attempts on failure in milliseconds. Default is 100(ms)\",\"placeholder\":\"Enter the retry interval\",\"defaultValue\":100},{\"name\":\"retryCount\",\"type\":\"number\",\"label\":\"Retry Count\",\"order\":8,\"value\":3,\"secret\":false,\"required\":false,\"description\":\"Specify the no.of retry attempts.\",\"placeholder\":\"Enter the retry count\",\"defaultValue\":3}],\"parameters\":[{\"name\":\"connectionTimeout\",\"type\":\"number\",\"label\":\"Connection Timeout(ms)\",\"order\":6,\"value\":30000,\"secret\":false,\"required\":false,\"description\":\"Specify the Connection Timeout.\",\"placeholder\":\"Enter the connection time out\",\"defaultValue\":30000},{\"name\":\"retryInterval\",\"type\":\"number\",\"label\":\"Retry Interval(ms)\",\"order\":7,\"value\":100,\"secret\":false,\"required\":false,\"description\":\"Specify the interval between recovery attempts on failure in milliseconds. Default is 100(ms)\",\"placeholder\":\"Enter the retry interval\",\"defaultValue\":100},{\"name\":\"retryCount\",\"type\":\"number\",\"label\":\"Retry Count\",\"order\":8,\"value\":3,\"secret\":false,\"required\":false,\"description\":\"Specify the no.of retry attempts.\",\"placeholder\":\"Enter the retry count\",\"defaultValue\":3}]}]}],\"112c1cb8-4b9e-4d1a-a042-0bd031dc7d05\":{\"SMTPEndpoint\":{\"general\":{\"host\":\"smtp-relay.brevo.com\",\"port\":\"587\",\"password\":\"sss\",\"protocol\":\"smtps\",\"username\":\"sss\"},\"advanced\":{\"retryCount\":3,\"retryInterval\":100,\"connectionTimeout\":30000}}},\"81e359da-9454-40ba-b968-1273a3b8e37b\":{\"SMTPEndpoint\":{\"general\":{\"host\":null,\"port\":null,\"password\":null,\"protocol\":\"smtps\",\"username\":null},\"advanced\":{\"retryCount\":3,\"retryInterval\":100,\"connectionTimeout\":30000}}},\"bdf2e4f5-a195-40b5-a82a-1d76ab30e077\":{\"SMTPEndpoint\":{\"general\":{\"host\":null,\"port\":null,\"password\":null,\"protocol\":\"smtps\",\"username\":null},\"advanced\":{\"retryCount\":3,\"retryInterval\":100,\"connectionTimeout\":30000}}}}",
  "endpoint_type_id" : "e4435f9f-9e20-466e-9f95-45c62b4a2ec7",
  "enabled" : true,
  "bean_name" : "SMTP-9326967d-f05a-46e5-9f3d-12c31cb4c4c6",
  "status" : {
    "type" : "jsonb",
    "value" : "{\"112c1cb8-4b9e-4d1a-a042-0bd031dc7d05\": true, \"81e359da-9454-40ba-b968-1273a3b8e37b\": true, \"bdf2e4f5-a195-40b5-a82a-1d76ab30e077\": true}",
    "null" : false
  },
  "auth_token_config" : {
    "type" : "jsonb",
    "value" : "{}",
    "null" : false
  },
  "avatar_id" : null,
  "tag" : "EMPTY",
  "active" : true,
  "is_changed" : true,
  "comment" : null,
  "is_error" : false,
  "base_tag" : "V6"
}