{
  "id" : "fea7a907-2123-481a-9f48-1b3c9c4002f3",
  "name" : "Shopify",
  "description" : "lbrenman store",
  "connection_config" : "{\"112c1cb8-4b9e-4d1a-a042-0bd031dc7d05\":{\"GraphQLEndpoint\":{\"active\":true,\"advanced\":{\"retryCount\":3,\"retryInterval\":100,\"responseTimeout\":120000,\"connectionTimeout\":120000,\"acceptedTLSVersions\":null,\"usePersistentConnections\":true},\"security\":{\"host\":\"https://lbrenman.myshopify.com/admin/api/2024-04/graphql.json\",\"token\":null,\"scopes\":null,\"headers\":[],\"password\":null,\"username\":null,\"client_id\":null,\"token_url\":null,\"grant_type\":null,\"cookie_name\":null,\"http_method\":null,\"absolute_url\":null,\"api_key_name\":\"X-Shopify-Access-Token\",\"api_key_value\":\"sssss\",\"authorize_url\":null,\"client_secret\":null,\"connection_type\":\"API_KEY\",\"api_key_location\":\"header\",\"ssl_publickey_id\":null,\"client_certificate\":null,\"is_ssl_certificate\":false,\"safe_resource_path\":null,\"optional_properties\":[],\"authorization_header_name\":null,\"authorization_header_prefix\":null}}},\"81e359da-9454-40ba-b968-1273a3b8e37b\":{\"GraphQLEndpoint\":{\"active\":true,\"advanced\":{\"retryCount\":3,\"retryInterval\":100,\"responseTimeout\":120000,\"connectionTimeout\":120000,\"acceptedTLSVersions\":null,\"usePersistentConnections\":true},\"security\":{\"host\":null,\"token\":null,\"scopes\":null,\"headers\":[],\"password\":null,\"username\":null,\"client_id\":null,\"token_url\":null,\"grant_type\":null,\"cookie_name\":null,\"http_method\":null,\"absolute_url\":null,\"api_key_name\":null,\"api_key_value\":null,\"authorize_url\":null,\"client_secret\":null,\"connection_type\":\"NONE\",\"api_key_location\":null,\"ssl_publickey_id\":null,\"client_certificate\":null,\"is_ssl_certificate\":false,\"safe_resource_path\":null,\"optional_properties\":[],\"authorization_header_name\":null,\"authorization_header_prefix\":null}}},\"bdf2e4f5-a195-40b5-a82a-1d76ab30e077\":{\"GraphQLEndpoint\":{\"active\":true,\"advanced\":{\"retryCount\":3,\"retryInterval\":100,\"responseTimeout\":120000,\"connectionTimeout\":120000,\"acceptedTLSVersions\":null,\"usePersistentConnections\":true},\"security\":{\"host\":null,\"token\":null,\"scopes\":null,\"headers\":[],\"password\":null,\"username\":null,\"client_id\":null,\"token_url\":null,\"grant_type\":null,\"cookie_name\":null,\"http_method\":null,\"absolute_url\":null,\"api_key_name\":null,\"api_key_value\":null,\"authorize_url\":null,\"client_secret\":null,\"connection_type\":\"NONE\",\"api_key_location\":null,\"ssl_publickey_id\":null,\"client_certificate\":null,\"is_ssl_certificate\":false,\"safe_resource_path\":null,\"optional_properties\":[],\"authorization_header_name\":null,\"authorization_header_prefix\":null}}}}",
  "endpoint_type_id" : "d8c0419f-dd83-4af8-8c8f-82f23b1dacfe",
  "enabled" : true,
  "bean_name" : "GraphQL-fea7a907-2123-481a-9f48-1b3c9c4002f3",
  "status" : {
    "type" : "jsonb",
    "value" : "{\"112c1cb8-4b9e-4d1a-a042-0bd031dc7d05\": true, \"81e359da-9454-40ba-b968-1273a3b8e37b\": true, \"bdf2e4f5-a195-40b5-a82a-1d76ab30e077\": true}",
    "null" : false
  },
  "auth_token_config" : {
    "type" : "jsonb",
    "value" : "{}",
    "null" : false
  },
  "avatar_id" : null,
  "tag" : "EMPTY",
  "active" : true,
  "is_changed" : true,
  "comment" : null,
  "is_error" : false,
  "base_tag" : "V6"
}