{
  "multi_step_function_id" : "cfc747b9-aafd-4eee-9b0d-4d9b259abe63",
  "name" : "Fulladdress",
  "description" : null,
  "input_json_structure" : {
    "type" : "jsonb",
    "value" : "[{\"id\": \"2f381a18-cc3f-4e03-88eb-f66fe2829d6c\", \"key\": \"/input\", \"type\": \"object\", \"order\": 2, \"title\": \"input\", \"value\": {\"type\": \"object\"}, \"isLeaf\": false, \"children\": [{\"id\": \"c1810159-a680-4225-9c6b-9e1f43e3250b\", \"key\": \"/input/address\", \"type\": \"string\", \"order\": 3, \"title\": \"address\", \"value\": {\"type\": \"string\"}, \"isLeaf\": true, \"children\": [], \"actualPath\": \"/input/address\", \"dataElementType\": \"string\"}, {\"id\": \"d9d79f46-4602-4594-b778-bb0fe102924f\", \"key\": \"/input/city\", \"type\": \"string\", \"order\": 4, \"title\": \"city\", \"value\": {\"type\": \"string\"}, \"isLeaf\": true, \"children\": [], \"actualPath\": \"/input/city\", \"dataElementType\": \"string\"}, {\"id\": \"36df522d-01e9-4436-948b-3c5440792016\", \"key\": \"/input/zip\", \"type\": \"string\", \"order\": 5, \"title\": \"zip\", \"value\": {\"type\": \"string\"}, \"isLeaf\": true, \"children\": [], \"actualPath\": \"/input/zip\", \"dataElementType\": \"string\"}, {\"id\": \"633dde6f-3558-4f34-8fdd-a2686bc5f659\", \"key\": \"/input/country\", \"type\": \"string\", \"order\": 6, \"title\": \"country\", \"value\": {\"type\": \"string\"}, \"isLeaf\": true, \"children\": [], \"actualPath\": \"/input/country\", \"dataElementType\": \"string\"}], \"actualPath\": \"/input\", \"dataElementType\": \"document\"}]",
    "null" : false
  },
  "output_json_structure" : {
    "type" : "jsonb",
    "value" : "[{\"id\": \"e8629244-a632-4174-9728-a2c8bcf4fd4a\", \"key\": \"/output\", \"type\": \"object\", \"order\": 2, \"title\": \"output\", \"value\": {\"type\": \"object\"}, \"isLeaf\": false, \"children\": [{\"id\": \"d0237882-9d78-4fcc-9004-e8496c3435aa\", \"key\": \"/output/fullAddress\", \"type\": \"string\", \"order\": 3, \"title\": \"fullAddress\", \"value\": {\"type\": \"string\"}, \"isLeaf\": true, \"children\": [], \"actualPath\": \"/output/fullAddress\", \"dataElementType\": \"string\"}], \"actualPath\": \"/output\", \"dataElementType\": \"document\"}]",
    "null" : false
  },
  "input_json_schema" : {
    "type" : "jsonb",
    "value" : "{\"required\": [], \"properties\": {\"input\": {\"type\": \"object\", \"required\": [], \"properties\": {\"zip\": {\"type\": \"string\"}, \"city\": {\"type\": \"string\"}, \"address\": {\"type\": \"string\"}, \"country\": {\"type\": \"string\"}}, \"additionalProperties\": false}}, \"additionalProperties\": false}",
    "null" : false
  },
  "output_json_schema" : {
    "type" : "jsonb",
    "value" : "{\"required\": [], \"properties\": {\"output\": {\"type\": \"object\", \"required\": [], \"properties\": {\"fullAddress\": {\"type\": \"string\"}}, \"additionalProperties\": false}}, \"additionalProperties\": false}",
    "null" : false
  },
  "mapping_structure" : {
    "type" : "jsonb",
    "value" : "{\"maps\": [], \"transformer\": [{\"active\": true, \"inputs\": {\"/STRING_CONCAT_INPUT/concatWith\": [{\"type\": \"setValue\", \"target\": {\"path\": \"/STRING_CONCAT_INPUT/concatWith\", \"title\": \"concatWith\", \"dataElementType\": \"string\"}, \"values\": [{\"id\": \"e357721a-7a33-405e-92f2-c6be4bfb4207\", \"key\": \"/STRING_CONCAT_INPUT/concatWith\", \"path\": \"9a315ad6-ce1d-4b48-945d-bff46eeea613/STRING_CONCAT_INPUT/concatWith\", \"type\": \"string\", \"title\": \"concatWith\", \"isLeaf\": true, \"secret\": false, \"children\": [], \"setValue\": \",\", \"isSetValue\": false, \"dataElementType\": \"string\"}], \"mapCondition\": {\"isConditionSet\": false, \"sourceTreeIndex\": [], \"targetTreeIndex\": [], \"mapConditionFormValue\": {}}, \"variableSubstitution\": false, \"overwritePipelineValue\": false}], \"/STRING_CONCAT_INPUT/inputString\": [{\"type\": \"map\", \"source\": {\"path\": \"/input/address\", \"title\": \"address\", \"dataElementType\": \"string\"}, \"target\": {\"path\": \"/STRING_CONCAT_INPUT/inputString\", \"title\": \"inputString\", \"uniquePath\": \"9a315ad6-ce1d-4b48-945d-bff46eeea613/STRING_CONCAT_INPUT/inputString\", \"dataElementType\": \"string\"}, \"mapCondition\": {\"isConditionSet\": false, \"sourceTreeIndex\": [], \"targetTreeIndex\": [], \"mapConditionFormValue\": {}}}]}, \"outputs\": {}, \"functionInfo\": {\"id\": \"bd6ba1a8-5b3a-4089-98f9-7eb3b692209b\", \"name\": \"Concat\", \"category\": {\"id\": \"7e335ebf-c122-41de-a87f-8e4cb8f39ff6\"}, \"referenceId\": \"9a315ad6-ce1d-4b48-945d-bff46eeea613\", \"internalName\": \"STRING_CONCAT\"}}, {\"active\": true, \"inputs\": {\"/STRING_CONCAT_INPUT/concatWith\": [{\"type\": \"map\", \"source\": {\"path\": \"/input/city\", \"title\": \"city\", \"dataElementType\": \"string\"}, \"target\": {\"path\": \"/STRING_CONCAT_INPUT/concatWith\", \"title\": \"concatWith\", \"uniquePath\": \"5d353a0e-9dcc-43ff-98c2-f0612b35a0e6/STRING_CONCAT_INPUT/concatWith\", \"dataElementType\": \"string\"}, \"mapCondition\": {\"isConditionSet\": false, \"sourceTreeIndex\": [], \"targetTreeIndex\": [], \"mapConditionFormValue\": {}}}], \"/STRING_CONCAT_INPUT/inputString\": [{\"type\": \"map\", \"source\": {\"path\": \"/STRING_CONCAT_OUTPUT/output\", \"title\": \"output\", \"uniquePath\": \"9a315ad6-ce1d-4b48-945d-bff46eeea613/STRING_CONCAT_OUTPUT/output\", \"dataElementType\": \"string\"}, \"target\": {\"path\": \"/STRING_CONCAT_INPUT/inputString\", \"title\": \"inputString\", \"uniquePath\": \"5d353a0e-9dcc-43ff-98c2-f0612b35a0e6/STRING_CONCAT_INPUT/inputString\", \"dataElementType\": \"string\"}, \"mapCondition\": {\"isConditionSet\": false, \"sourceTreeIndex\": [], \"targetTreeIndex\": [], \"mapConditionFormValue\": {}}}]}, \"outputs\": {}, \"functionInfo\": {\"id\": \"bd6ba1a8-5b3a-4089-98f9-7eb3b692209b\", \"name\": \"Concat\", \"category\": {\"id\": \"7e335ebf-c122-41de-a87f-8e4cb8f39ff6\"}, \"referenceId\": \"5d353a0e-9dcc-43ff-98c2-f0612b35a0e6\", \"internalName\": \"STRING_CONCAT\"}}, {\"active\": true, \"inputs\": {\"/STRING_CONCAT_INPUT/concatWith\": [{\"type\": \"setValue\", \"target\": {\"path\": \"/STRING_CONCAT_INPUT/concatWith\", \"title\": \"concatWith\", \"dataElementType\": \"string\"}, \"values\": [{\"id\": \"13d8e8c5-1eef-4e56-9256-98cce4404e5e\", \"key\": \"/STRING_CONCAT_INPUT/concatWith\", \"path\": \"d4c1e7b7-faac-4fbc-bcb3-43031a2b4358/STRING_CONCAT_INPUT/concatWith\", \"type\": \"string\", \"title\": \"concatWith\", \"isLeaf\": true, \"secret\": false, \"children\": [], \"setValue\": \",\", \"isSetValue\": false, \"dataElementType\": \"string\"}], \"mapCondition\": {\"isConditionSet\": false, \"sourceTreeIndex\": [], \"targetTreeIndex\": [], \"mapConditionFormValue\": {}}, \"variableSubstitution\": false, \"overwritePipelineValue\": false}], \"/STRING_CONCAT_INPUT/inputString\": [{\"type\": \"map\", \"source\": {\"path\": \"/STRING_CONCAT_OUTPUT/output\", \"title\": \"output\", \"uniquePath\": \"5d353a0e-9dcc-43ff-98c2-f0612b35a0e6/STRING_CONCAT_OUTPUT/output\", \"dataElementType\": \"string\"}, \"target\": {\"path\": \"/STRING_CONCAT_INPUT/inputString\", \"title\": \"inputString\", \"uniquePath\": \"d4c1e7b7-faac-4fbc-bcb3-43031a2b4358/STRING_CONCAT_INPUT/inputString\", \"dataElementType\": \"string\"}, \"mapCondition\": {\"isConditionSet\": false, \"sourceTreeIndex\": [], \"targetTreeIndex\": [], \"mapConditionFormValue\": {}}}]}, \"outputs\": {}, \"functionInfo\": {\"id\": \"bd6ba1a8-5b3a-4089-98f9-7eb3b692209b\", \"name\": \"Concat\", \"category\": {\"id\": \"7e335ebf-c122-41de-a87f-8e4cb8f39ff6\"}, \"referenceId\": \"d4c1e7b7-faac-4fbc-bcb3-43031a2b4358\", \"internalName\": \"STRING_CONCAT\"}}, {\"active\": true, \"inputs\": {\"/STRING_CONCAT_INPUT/concatWith\": [{\"type\": \"map\", \"source\": {\"path\": \"/input/zip\", \"title\": \"zip\", \"dataElementType\": \"string\"}, \"target\": {\"path\": \"/STRING_CONCAT_INPUT/concatWith\", \"title\": \"concatWith\", \"uniquePath\": \"39cc08c0-064b-4690-ac8b-a3e4ec5b0d2c/STRING_CONCAT_INPUT/concatWith\", \"dataElementType\": \"string\"}, \"mapCondition\": {\"isConditionSet\": false, \"sourceTreeIndex\": [], \"targetTreeIndex\": [], \"mapConditionFormValue\": {}}}], \"/STRING_CONCAT_INPUT/inputString\": [{\"type\": \"map\", \"source\": {\"path\": \"/STRING_CONCAT_OUTPUT/output\", \"title\": \"output\", \"uniquePath\": \"d4c1e7b7-faac-4fbc-bcb3-43031a2b4358/STRING_CONCAT_OUTPUT/output\", \"dataElementType\": \"string\"}, \"target\": {\"path\": \"/STRING_CONCAT_INPUT/inputString\", \"title\": \"inputString\", \"uniquePath\": \"39cc08c0-064b-4690-ac8b-a3e4ec5b0d2c/STRING_CONCAT_INPUT/inputString\", \"dataElementType\": \"string\"}, \"mapCondition\": {\"isConditionSet\": false, \"sourceTreeIndex\": [], \"targetTreeIndex\": [], \"mapConditionFormValue\": {}}}]}, \"outputs\": {}, \"functionInfo\": {\"id\": \"bd6ba1a8-5b3a-4089-98f9-7eb3b692209b\", \"name\": \"Concat\", \"category\": {\"id\": \"7e335ebf-c122-41de-a87f-8e4cb8f39ff6\"}, \"referenceId\": \"39cc08c0-064b-4690-ac8b-a3e4ec5b0d2c\", \"internalName\": \"STRING_CONCAT\"}}, {\"active\": true, \"inputs\": {\"/STRING_CONCAT_INPUT/concatWith\": [{\"type\": \"setValue\", \"target\": {\"path\": \"/STRING_CONCAT_INPUT/concatWith\", \"title\": \"concatWith\", \"dataElementType\": \"string\"}, \"values\": [{\"id\": \"95e1b05c-8df3-44b0-8d92-dee8aea5b179\", \"key\": \"/STRING_CONCAT_INPUT/concatWith\", \"path\": \"941454f9-17b1-41ad-8310-46298effd441/STRING_CONCAT_INPUT/concatWith\", \"type\": \"string\", \"title\": \"concatWith\", \"isLeaf\": true, \"secret\": false, \"children\": [], \"setValue\": \",\", \"isSetValue\": false, \"dataElementType\": \"string\"}], \"mapCondition\": {\"isConditionSet\": false, \"sourceTreeIndex\": [], \"targetTreeIndex\": [], \"mapConditionFormValue\": {}}, \"variableSubstitution\": false, \"overwritePipelineValue\": false}], \"/STRING_CONCAT_INPUT/inputString\": [{\"type\": \"map\", \"source\": {\"path\": \"/STRING_CONCAT_OUTPUT/output\", \"title\": \"output\", \"uniquePath\": \"39cc08c0-064b-4690-ac8b-a3e4ec5b0d2c/STRING_CONCAT_OUTPUT/output\", \"dataElementType\": \"string\"}, \"target\": {\"path\": \"/STRING_CONCAT_INPUT/inputString\", \"title\": \"inputString\", \"uniquePath\": \"941454f9-17b1-41ad-8310-46298effd441/STRING_CONCAT_INPUT/inputString\", \"dataElementType\": \"string\"}, \"mapCondition\": {\"isConditionSet\": false, \"sourceTreeIndex\": [], \"targetTreeIndex\": [], \"mapConditionFormValue\": {}}}]}, \"outputs\": {}, \"functionInfo\": {\"id\": \"bd6ba1a8-5b3a-4089-98f9-7eb3b692209b\", \"name\": \"Concat\", \"category\": {\"id\": \"7e335ebf-c122-41de-a87f-8e4cb8f39ff6\"}, \"referenceId\": \"941454f9-17b1-41ad-8310-46298effd441\", \"internalName\": \"STRING_CONCAT\"}}, {\"active\": true, \"inputs\": {\"/STRING_CONCAT_INPUT/concatWith\": [{\"type\": \"map\", \"source\": {\"path\": \"/input/country\", \"title\": \"country\", \"dataElementType\": \"string\"}, \"target\": {\"path\": \"/STRING_CONCAT_INPUT/concatWith\", \"title\": \"concatWith\", \"uniquePath\": \"9deca5bf-3777-40d6-a637-4e8793edcf93/STRING_CONCAT_INPUT/concatWith\", \"dataElementType\": \"string\"}, \"mapCondition\": {\"isConditionSet\": false, \"sourceTreeIndex\": [], \"targetTreeIndex\": [], \"mapConditionFormValue\": {}}}], \"/STRING_CONCAT_INPUT/inputString\": [{\"type\": \"map\", \"source\": {\"path\": \"/STRING_CONCAT_OUTPUT/output\", \"title\": \"output\", \"uniquePath\": \"941454f9-17b1-41ad-8310-46298effd441/STRING_CONCAT_OUTPUT/output\", \"dataElementType\": \"string\"}, \"target\": {\"path\": \"/STRING_CONCAT_INPUT/inputString\", \"title\": \"inputString\", \"uniquePath\": \"9deca5bf-3777-40d6-a637-4e8793edcf93/STRING_CONCAT_INPUT/inputString\", \"dataElementType\": \"string\"}, \"mapCondition\": {\"isConditionSet\": false, \"sourceTreeIndex\": [], \"targetTreeIndex\": [], \"mapConditionFormValue\": {}}}]}, \"outputs\": {\"/output/fullAddress\": [{\"type\": \"map\", \"source\": {\"path\": \"/STRING_CONCAT_OUTPUT/output\", \"title\": \"output\", \"uniquePath\": \"9deca5bf-3777-40d6-a637-4e8793edcf93/STRING_CONCAT_OUTPUT/output\", \"dataElementType\": \"string\"}, \"target\": {\"path\": \"/output/fullAddress\", \"order\": 3, \"title\": \"fullAddress\", \"dataElementType\": \"string\"}, \"mapCondition\": {\"isConditionSet\": false, \"sourceTreeIndex\": [], \"targetTreeIndex\": [], \"mapConditionFormValue\": {}}}]}, \"functionInfo\": {\"id\": \"bd6ba1a8-5b3a-4089-98f9-7eb3b692209b\", \"name\": \"Concat\", \"category\": {\"id\": \"7e335ebf-c122-41de-a87f-8e4cb8f39ff6\"}, \"referenceId\": \"9deca5bf-3777-40d6-a637-4e8793edcf93\", \"internalName\": \"STRING_CONCAT\"}}]}",
    "null" : false
  },
  "mapping_config" : {
    "type" : "jsonb",
    "value" : "{\"crossRef\": [], \"services\": [], \"multistep\": [], \"operations\": [{\"transformer\": {\"id\": \"b7e3126e-6fdf-46ef-8be4-8d064a544ece\", \"name\": \"STRING_CONCAT\", \"type\": \"String\", \"query\": null, \"inputs\": [{\"id\": \"756606bb-db39-45cc-a046-d2b64b23e98f\", \"root\": false, \"type\": \"map\", \"cached\": false, \"source\": \"/input/address\", \"target\": \"/STRING_CONCAT_INPUT/inputString\", \"mapNull\": false, \"disabled\": false, \"extractXml\": false, \"extractJson\": false, \"mapEmptyString\": false, \"sourceJavaType\": \"java.lang.String\", \"targetJavaType\": \"java.lang.String\"}, {\"id\": \"fa19b8ad-0c97-44db-b0f3-17f96086e05d\", \"root\": false, \"type\": \"setValue\", \"cached\": false, \"target\": \"/STRING_CONCAT_INPUT/concatWith\", \"mapNull\": false, \"disabled\": false, \"extractXml\": false, \"extractJson\": false, \"targetValue\": \",\", \"mapEmptyString\": false, \"targetJavaType\": \"java.lang.String\", \"variableSubstitution\": false}], \"outputs\": [], \"tableId\": null, \"configId\": null, \"disabled\": false, \"serviceId\": null, \"expression\": null}}, {\"transformer\": {\"id\": \"b47fde28-e8bc-4cae-9168-3d7fa9c9a379\", \"name\": \"STRING_CONCAT\", \"type\": \"String\", \"query\": null, \"inputs\": [{\"id\": \"62e65093-f0b5-4689-88ac-457719cfbdd5\", \"root\": false, \"type\": \"map\", \"cached\": false, \"source\": \"/input/city\", \"target\": \"/STRING_CONCAT_INPUT/concatWith\", \"mapNull\": false, \"disabled\": false, \"extractXml\": false, \"extractJson\": false, \"mapEmptyString\": false, \"sourceJavaType\": \"java.lang.String\", \"targetJavaType\": \"java.lang.String\"}, {\"id\": \"548ef0ba-5d68-4a3c-912d-7a9a5d05403a\", \"root\": false, \"type\": \"map\", \"cached\": false, \"source\": \"/STRING_CONCAT_OUTPUT/output\", \"target\": \"/STRING_CONCAT_INPUT/inputString\", \"mapNull\": false, \"disabled\": false, \"extractXml\": false, \"extractJson\": false, \"mapEmptyString\": false, \"sourceJavaType\": \"java.lang.String\", \"targetJavaType\": \"java.lang.String\"}], \"outputs\": [], \"tableId\": null, \"configId\": null, \"disabled\": false, \"serviceId\": null, \"expression\": null}}, {\"transformer\": {\"id\": \"eee3e943-0b7a-4b93-b649-7454e5de4261\", \"name\": \"STRING_CONCAT\", \"type\": \"String\", \"query\": null, \"inputs\": [{\"id\": \"b3d969c3-1ed1-4686-9ff2-6964c9fadcd0\", \"root\": false, \"type\": \"map\", \"cached\": false, \"source\": \"/STRING_CONCAT_OUTPUT/output\", \"target\": \"/STRING_CONCAT_INPUT/inputString\", \"mapNull\": false, \"disabled\": false, \"extractXml\": false, \"extractJson\": false, \"mapEmptyString\": false, \"sourceJavaType\": \"java.lang.String\", \"targetJavaType\": \"java.lang.String\"}, {\"id\": \"4d788d9c-99fa-43cd-bde9-89f9d723cce3\", \"root\": false, \"type\": \"setValue\", \"cached\": false, \"target\": \"/STRING_CONCAT_INPUT/concatWith\", \"mapNull\": false, \"disabled\": false, \"extractXml\": false, \"extractJson\": false, \"targetValue\": \",\", \"mapEmptyString\": false, \"targetJavaType\": \"java.lang.String\", \"variableSubstitution\": false}], \"outputs\": [], \"tableId\": null, \"configId\": null, \"disabled\": false, \"serviceId\": null, \"expression\": null}}, {\"transformer\": {\"id\": \"67ce9dd4-dde2-40af-9e77-1c97cd0ef983\", \"name\": \"STRING_CONCAT\", \"type\": \"String\", \"query\": null, \"inputs\": [{\"id\": \"a871beb6-0587-435b-9c25-c58cb1a8fafe\", \"root\": false, \"type\": \"map\", \"cached\": false, \"source\": \"/input/zip\", \"target\": \"/STRING_CONCAT_INPUT/concatWith\", \"mapNull\": false, \"disabled\": false, \"extractXml\": false, \"extractJson\": false, \"mapEmptyString\": false, \"sourceJavaType\": \"java.lang.String\", \"targetJavaType\": \"java.lang.String\"}, {\"id\": \"17e21c48-cc1f-46f0-96fd-f3204cea5a8d\", \"root\": false, \"type\": \"map\", \"cached\": false, \"source\": \"/STRING_CONCAT_OUTPUT/output\", \"target\": \"/STRING_CONCAT_INPUT/inputString\", \"mapNull\": false, \"disabled\": false, \"extractXml\": false, \"extractJson\": false, \"mapEmptyString\": false, \"sourceJavaType\": \"java.lang.String\", \"targetJavaType\": \"java.lang.String\"}], \"outputs\": [], \"tableId\": null, \"configId\": null, \"disabled\": false, \"serviceId\": null, \"expression\": null}}, {\"transformer\": {\"id\": \"e43e5353-5a5e-48c9-9e50-1367d2a40030\", \"name\": \"STRING_CONCAT\", \"type\": \"String\", \"query\": null, \"inputs\": [{\"id\": \"0965de4f-0fe3-43a7-9ccc-a7420ffab655\", \"root\": false, \"type\": \"map\", \"cached\": false, \"source\": \"/STRING_CONCAT_OUTPUT/output\", \"target\": \"/STRING_CONCAT_INPUT/inputString\", \"mapNull\": false, \"disabled\": false, \"extractXml\": false, \"extractJson\": false, \"mapEmptyString\": false, \"sourceJavaType\": \"java.lang.String\", \"targetJavaType\": \"java.lang.String\"}, {\"id\": \"1410c6b1-69c2-4792-a298-19e4b13caf7e\", \"root\": false, \"type\": \"setValue\", \"cached\": false, \"target\": \"/STRING_CONCAT_INPUT/concatWith\", \"mapNull\": false, \"disabled\": false, \"extractXml\": false, \"extractJson\": false, \"targetValue\": \",\", \"mapEmptyString\": false, \"targetJavaType\": \"java.lang.String\", \"variableSubstitution\": false}], \"outputs\": [], \"tableId\": null, \"configId\": null, \"disabled\": false, \"serviceId\": null, \"expression\": null}}, {\"transformer\": {\"id\": \"afc248ef-149b-4b08-b554-1b4ac6547472\", \"name\": \"STRING_CONCAT\", \"type\": \"String\", \"query\": null, \"inputs\": [{\"id\": \"22b433ef-150a-413e-9c4f-208cbc12e5fa\", \"root\": false, \"type\": \"map\", \"cached\": false, \"source\": \"/input/country\", \"target\": \"/STRING_CONCAT_INPUT/concatWith\", \"mapNull\": false, \"disabled\": false, \"extractXml\": false, \"extractJson\": false, \"mapEmptyString\": false, \"sourceJavaType\": \"java.lang.String\", \"targetJavaType\": \"java.lang.String\"}, {\"id\": \"a40f6c12-a40c-4ee2-b2ed-ac03115f075a\", \"root\": false, \"type\": \"map\", \"cached\": false, \"source\": \"/STRING_CONCAT_OUTPUT/output\", \"target\": \"/STRING_CONCAT_INPUT/inputString\", \"mapNull\": false, \"disabled\": false, \"extractXml\": false, \"extractJson\": false, \"mapEmptyString\": false, \"sourceJavaType\": \"java.lang.String\", \"targetJavaType\": \"java.lang.String\"}], \"outputs\": [{\"id\": \"2a8edddf-e7fb-49b8-bb1c-61777d451ec7\", \"root\": false, \"type\": \"map\", \"cached\": false, \"source\": \"/STRING_CONCAT_OUTPUT/output\", \"target\": \"/output/fullAddress\", \"mapNull\": false, \"disabled\": false, \"extractXml\": false, \"extractJson\": false, \"targetOrder\": 3.0, \"mapEmptyString\": false, \"sourceJavaType\": \"java.lang.String\", \"targetJavaType\": \"java.lang.String\"}], \"tableId\": null, \"configId\": null, \"disabled\": false, \"serviceId\": null, \"expression\": null}}]}",
    "null" : false
  },
  "tag" : "EMPTY",
  "active" : true,
  "is_changed" : false,
  "comment" : null,
  "base_tag" : "V5",
  "test_input" : {
    "type" : "jsonb",
    "value" : "{}",
    "null" : false
  },
  "test_input_structure" : {
    "type" : "jsonb",
    "value" : "[{\"id\": \"2f381a18-cc3f-4e03-88eb-f66fe2829d6c\", \"key\": \"/input\", \"type\": \"object\", \"order\": 2, \"title\": \"input\", \"value\": {\"type\": \"object\"}, \"isLeaf\": false, \"children\": [{\"id\": \"c1810159-a680-4225-9c6b-9e1f43e3250b\", \"key\": \"/input/address\", \"type\": \"string\", \"order\": 3, \"title\": \"address\", \"value\": {\"type\": \"string\"}, \"isLeaf\": true, \"children\": [], \"actualPath\": \"/input/address\", \"dataElementType\": \"string\"}, {\"id\": \"d9d79f46-4602-4594-b778-bb0fe102924f\", \"key\": \"/input/city\", \"type\": \"string\", \"order\": 4, \"title\": \"city\", \"value\": {\"type\": \"string\"}, \"isLeaf\": true, \"children\": [], \"actualPath\": \"/input/city\", \"dataElementType\": \"string\"}, {\"id\": \"36df522d-01e9-4436-948b-3c5440792016\", \"key\": \"/input/zip\", \"type\": \"string\", \"order\": 5, \"title\": \"zip\", \"value\": {\"type\": \"string\"}, \"isLeaf\": true, \"children\": [], \"actualPath\": \"/input/zip\", \"dataElementType\": \"string\"}, {\"id\": \"633dde6f-3558-4f34-8fdd-a2686bc5f659\", \"key\": \"/input/country\", \"type\": \"string\", \"order\": 6, \"title\": \"country\", \"value\": {\"type\": \"string\"}, \"isLeaf\": true, \"children\": [], \"actualPath\": \"/input/country\", \"dataElementType\": \"string\"}], \"actualPath\": \"/input\", \"dataElementType\": \"document\"}]",
    "null" : false
  }
}