{
  "multi_step_function_id" : "fe8d2376-7725-4b35-a72e-979f3a8ba47e",
  "name" : "Fullname",
  "description" : "Fullname",
  "input_json_structure" : {
    "type" : "jsonb",
    "value" : "[{\"id\": \"a87884a5-02a2-451e-b024-d5f5f7bb32b7\", \"key\": \"/input\", \"type\": \"object\", \"order\": 2, \"title\": \"input\", \"value\": {\"type\": \"object\"}, \"isLeaf\": false, \"children\": [{\"id\": \"d18ba43d-2d5e-4323-93f1-793e715cb24f\", \"key\": \"/input/firstName\", \"type\": \"string\", \"order\": 3, \"title\": \"firstName\", \"value\": {\"type\": \"string\"}, \"isLeaf\": true, \"children\": [], \"actualPath\": \"/input/firstName\", \"dataElementType\": \"string\"}, {\"id\": \"f2ffa335-4928-4298-9fef-6043783e0115\", \"key\": \"/input/lastName\", \"type\": \"string\", \"order\": 4, \"title\": \"lastName\", \"value\": {\"type\": \"string\"}, \"isLeaf\": true, \"children\": [], \"actualPath\": \"/input/lastName\", \"dataElementType\": \"string\"}], \"actualPath\": \"/input\", \"dataElementType\": \"document\"}]",
    "null" : false
  },
  "output_json_structure" : {
    "type" : "jsonb",
    "value" : "[{\"id\": \"26b12771-a9e6-4fac-9d8d-8270da77ab2a\", \"key\": \"/output\", \"type\": \"object\", \"order\": 2, \"title\": \"output\", \"value\": {\"type\": \"object\"}, \"isLeaf\": false, \"children\": [{\"id\": \"41684655-cc13-4d14-a9cd-f0551763643f\", \"key\": \"/output/fullName\", \"type\": \"string\", \"order\": 3, \"title\": \"fullName\", \"value\": {\"type\": \"string\"}, \"isLeaf\": true, \"children\": [], \"actualPath\": \"/output/fullName\", \"dataElementType\": \"string\"}], \"actualPath\": \"/output\", \"dataElementType\": \"document\"}]",
    "null" : false
  },
  "input_json_schema" : {
    "type" : "jsonb",
    "value" : "{\"required\": [], \"properties\": {\"input\": {\"type\": \"object\", \"required\": [], \"properties\": {\"lastName\": {\"type\": \"string\"}, \"firstName\": {\"type\": \"string\"}}, \"additionalProperties\": false}}, \"additionalProperties\": false}",
    "null" : false
  },
  "output_json_schema" : {
    "type" : "jsonb",
    "value" : "{\"required\": [], \"properties\": {\"output\": {\"type\": \"object\", \"required\": [], \"properties\": {\"fullName\": {\"type\": \"string\"}}, \"additionalProperties\": false}}, \"additionalProperties\": false}",
    "null" : false
  },
  "mapping_structure" : {
    "type" : "jsonb",
    "value" : "{\"maps\": [], \"transformer\": [{\"active\": true, \"inputs\": {\"/STRING_CONCAT_INPUT/concatWith\": [{\"type\": \"setValue\", \"target\": {\"path\": \"/STRING_CONCAT_INPUT/concatWith\", \"title\": \"concatWith\", \"dataElementType\": \"string\"}, \"values\": [{\"id\": \"89d0e69a-d2e0-4f21-a56d-1554e6dab794\", \"key\": \"/STRING_CONCAT_INPUT/concatWith\", \"path\": \"2abd8333-65de-426d-ba87-d773d286ecf9/STRING_CONCAT_INPUT/concatWith\", \"type\": \"string\", \"title\": \"concatWith\", \"isLeaf\": true, \"secret\": false, \"children\": [], \"setValue\": \" \", \"isSetValue\": false, \"dataElementType\": \"string\"}], \"mapCondition\": {\"isConditionSet\": false, \"sourceTreeIndex\": [], \"targetTreeIndex\": [], \"mapConditionFormValue\": {}}, \"variableSubstitution\": false, \"overwritePipelineValue\": false}], \"/STRING_CONCAT_INPUT/inputString\": [{\"type\": \"map\", \"source\": {\"path\": \"/input/firstName\", \"title\": \"firstName\", \"dataElementType\": \"string\"}, \"target\": {\"path\": \"/STRING_CONCAT_INPUT/inputString\", \"title\": \"inputString\", \"uniquePath\": \"2abd8333-65de-426d-ba87-d773d286ecf9/STRING_CONCAT_INPUT/inputString\", \"dataElementType\": \"string\"}, \"mapCondition\": {\"isConditionSet\": false, \"sourceTreeIndex\": [], \"targetTreeIndex\": [], \"mapConditionFormValue\": {}}}]}, \"outputs\": {}, \"functionInfo\": {\"id\": \"bd6ba1a8-5b3a-4089-98f9-7eb3b692209b\", \"name\": \"Concat\", \"category\": {\"id\": \"7e335ebf-c122-41de-a87f-8e4cb8f39ff6\"}, \"referenceId\": \"2abd8333-65de-426d-ba87-d773d286ecf9\", \"internalName\": \"STRING_CONCAT\"}}, {\"active\": true, \"inputs\": {\"/STRING_CONCAT_INPUT/concatWith\": [{\"type\": \"map\", \"source\": {\"path\": \"/input/lastName\", \"title\": \"lastName\", \"dataElementType\": \"string\"}, \"target\": {\"path\": \"/STRING_CONCAT_INPUT/concatWith\", \"title\": \"concatWith\", \"uniquePath\": \"3683dacc-dc91-4eec-a888-c5a43376c08c/STRING_CONCAT_INPUT/concatWith\", \"dataElementType\": \"string\"}, \"mapCondition\": {\"isConditionSet\": false, \"sourceTreeIndex\": [], \"targetTreeIndex\": [], \"mapConditionFormValue\": {}}}], \"/STRING_CONCAT_INPUT/inputString\": [{\"type\": \"map\", \"source\": {\"path\": \"/STRING_CONCAT_OUTPUT/output\", \"title\": \"output\", \"uniquePath\": \"2abd8333-65de-426d-ba87-d773d286ecf9/STRING_CONCAT_OUTPUT/output\", \"dataElementType\": \"string\"}, \"target\": {\"path\": \"/STRING_CONCAT_INPUT/inputString\", \"title\": \"inputString\", \"uniquePath\": \"3683dacc-dc91-4eec-a888-c5a43376c08c/STRING_CONCAT_INPUT/inputString\", \"dataElementType\": \"string\"}, \"mapCondition\": {\"isConditionSet\": false, \"sourceTreeIndex\": [], \"targetTreeIndex\": [], \"mapConditionFormValue\": {}}}]}, \"outputs\": {\"/output/fullName\": [{\"type\": \"map\", \"source\": {\"path\": \"/STRING_CONCAT_OUTPUT/output\", \"title\": \"output\", \"uniquePath\": \"3683dacc-dc91-4eec-a888-c5a43376c08c/STRING_CONCAT_OUTPUT/output\", \"dataElementType\": \"string\"}, \"target\": {\"path\": \"/output/fullName\", \"order\": 3, \"title\": \"fullName\", \"dataElementType\": \"string\"}, \"mapCondition\": {\"isConditionSet\": false, \"sourceTreeIndex\": [], \"targetTreeIndex\": [], \"mapConditionFormValue\": {}}}]}, \"functionInfo\": {\"id\": \"bd6ba1a8-5b3a-4089-98f9-7eb3b692209b\", \"name\": \"Concat\", \"category\": {\"id\": \"7e335ebf-c122-41de-a87f-8e4cb8f39ff6\"}, \"referenceId\": \"3683dacc-dc91-4eec-a888-c5a43376c08c\", \"internalName\": \"STRING_CONCAT\"}}]}",
    "null" : false
  },
  "mapping_config" : {
    "type" : "jsonb",
    "value" : "{\"crossRef\": [], \"services\": [], \"multistep\": [], \"operations\": [{\"transformer\": {\"id\": \"7f9ca53d-1447-415c-ac56-77f30d7c1359\", \"name\": \"STRING_CONCAT\", \"type\": \"String\", \"query\": null, \"inputs\": [{\"id\": \"44659d0e-0602-446b-8ec3-db5ce3ff4fcb\", \"root\": false, \"type\": \"map\", \"cached\": false, \"source\": \"/input/firstName\", \"target\": \"/STRING_CONCAT_INPUT/inputString\", \"mapNull\": false, \"disabled\": false, \"extractXml\": false, \"extractJson\": false, \"mapEmptyString\": false, \"sourceJavaType\": \"java.lang.String\", \"targetJavaType\": \"java.lang.String\"}, {\"id\": \"58e156f7-10c7-4b9d-ab8f-f8c0c29f3cde\", \"root\": false, \"type\": \"setValue\", \"cached\": false, \"target\": \"/STRING_CONCAT_INPUT/concatWith\", \"mapNull\": false, \"disabled\": false, \"extractXml\": false, \"extractJson\": false, \"targetValue\": \" \", \"mapEmptyString\": false, \"targetJavaType\": \"java.lang.String\", \"variableSubstitution\": false}], \"outputs\": [], \"tableId\": null, \"configId\": null, \"disabled\": false, \"serviceId\": null, \"expression\": null}}, {\"transformer\": {\"id\": \"64134d5d-41f9-4b29-ad7d-de9172523602\", \"name\": \"STRING_CONCAT\", \"type\": \"String\", \"query\": null, \"inputs\": [{\"id\": \"a674c66f-4ddb-472f-9d2a-afb9ffcf5a07\", \"root\": false, \"type\": \"map\", \"cached\": false, \"source\": \"/input/lastName\", \"target\": \"/STRING_CONCAT_INPUT/concatWith\", \"mapNull\": false, \"disabled\": false, \"extractXml\": false, \"extractJson\": false, \"mapEmptyString\": false, \"sourceJavaType\": \"java.lang.String\", \"targetJavaType\": \"java.lang.String\"}, {\"id\": \"64734e72-5463-4300-9afe-855601ec51f5\", \"root\": false, \"type\": \"map\", \"cached\": false, \"source\": \"/STRING_CONCAT_OUTPUT/output\", \"target\": \"/STRING_CONCAT_INPUT/inputString\", \"mapNull\": false, \"disabled\": false, \"extractXml\": false, \"extractJson\": false, \"mapEmptyString\": false, \"sourceJavaType\": \"java.lang.String\", \"targetJavaType\": \"java.lang.String\"}], \"outputs\": [{\"id\": \"d6c94d66-03e7-4188-8867-7977e9ebeac6\", \"root\": false, \"type\": \"map\", \"cached\": false, \"source\": \"/STRING_CONCAT_OUTPUT/output\", \"target\": \"/output/fullName\", \"mapNull\": false, \"disabled\": false, \"extractXml\": false, \"extractJson\": false, \"targetOrder\": 3.0, \"mapEmptyString\": false, \"sourceJavaType\": \"java.lang.String\", \"targetJavaType\": \"java.lang.String\"}], \"tableId\": null, \"configId\": null, \"disabled\": false, \"serviceId\": null, \"expression\": null}}]}",
    "null" : false
  },
  "tag" : "EMPTY",
  "active" : true,
  "is_changed" : false,
  "comment" : null,
  "base_tag" : "V6",
  "test_input" : {
    "type" : "jsonb",
    "value" : "{}",
    "null" : false
  },
  "test_input_structure" : {
    "type" : "jsonb",
    "value" : "[{\"id\": \"a87884a5-02a2-451e-b024-d5f5f7bb32b7\", \"key\": \"/input\", \"type\": \"object\", \"order\": 2, \"title\": \"input\", \"value\": {\"type\": \"object\"}, \"isLeaf\": false, \"children\": [{\"id\": \"d18ba43d-2d5e-4323-93f1-793e715cb24f\", \"key\": \"/input/firstName\", \"type\": \"string\", \"order\": 3, \"title\": \"firstName\", \"value\": {\"type\": \"string\"}, \"isLeaf\": true, \"children\": [], \"actualPath\": \"/input/firstName\", \"dataElementType\": \"string\"}, {\"id\": \"f2ffa335-4928-4298-9fef-6043783e0115\", \"key\": \"/input/lastName\", \"type\": \"string\", \"order\": 4, \"title\": \"lastName\", \"value\": {\"type\": \"string\"}, \"isLeaf\": true, \"children\": [], \"actualPath\": \"/input/lastName\", \"dataElementType\": \"string\"}], \"actualPath\": \"/input\", \"dataElementType\": \"document\"}]",
    "null" : false
  }
}