{
  "document_type_id" : "8ed7f377-5991-4b2c-9bc7-f947076839c4",
  "name" : "shopifyOrderCSV",
  "description" : null,
  "version" : null,
  "business_document_type_id" : null,
  "document_format_id" : "af12f4ca-325b-4ba7-a68f-f01a4f53ffe1",
  "root_tag" : null,
  "structure" : {
    "type" : "jsonb",
    "value" : "[{\"key\": \"/delimitedRecords[]\", \"type\": \"array\", \"order\": 1.0, \"title\": \"delimitedRecords\", \"value\": {\"type\": \"array\", \"requiredFlag\": false}, \"isLeaf\": false, \"children\": [{\"key\": \"/delimitedRecords[]/﻿item_num\", \"type\": \"string\", \"order\": 2.0, \"title\": \"﻿item_num\", \"value\": {\"type\": \"string\", \"requiredFlag\": true}, \"isLeaf\": true, \"childrenSet\": false, \"hasChildren\": false, \"dataElementType\": \"string\", \"encryption_required\": false}, {\"key\": \"/delimitedRecords[]/itemId\", \"type\": \"string\", \"order\": 3.0, \"title\": \"itemId\", \"value\": {\"type\": \"string\", \"requiredFlag\": true}, \"isLeaf\": true, \"childrenSet\": false, \"hasChildren\": false, \"dataElementType\": \"string\", \"encryption_required\": false}, {\"key\": \"/delimitedRecords[]/quantity\", \"type\": \"string\", \"order\": 4.0, \"title\": \"quantity\", \"value\": {\"type\": \"string\", \"requiredFlag\": true}, \"isLeaf\": true, \"childrenSet\": false, \"hasChildren\": false, \"dataElementType\": \"string\", \"encryption_required\": false}, {\"key\": \"/delimitedRecords[]/name\", \"type\": \"string\", \"order\": 5.0, \"title\": \"name\", \"value\": {\"type\": \"string\", \"requiredFlag\": true}, \"isLeaf\": true, \"childrenSet\": false, \"hasChildren\": false, \"dataElementType\": \"string\", \"encryption_required\": false}, {\"key\": \"/delimitedRecords[]/price\", \"type\": \"string\", \"order\": 6.0, \"title\": \"price\", \"value\": {\"type\": \"string\", \"requiredFlag\": true}, \"isLeaf\": true, \"childrenSet\": false, \"hasChildren\": false, \"dataElementType\": \"string\", \"encryption_required\": false}, {\"key\": \"/delimitedRecords[]/customer_name\", \"type\": \"string\", \"order\": 7.0, \"title\": \"customer_name\", \"value\": {\"type\": \"string\", \"requiredFlag\": true}, \"isLeaf\": true, \"childrenSet\": false, \"hasChildren\": false, \"dataElementType\": \"string\", \"encryption_required\": false}, {\"key\": \"/delimitedRecords[]/customer_email\", \"type\": \"string\", \"order\": 8.0, \"title\": \"customer_email\", \"value\": {\"type\": \"string\", \"requiredFlag\": true}, \"isLeaf\": true, \"childrenSet\": false, \"hasChildren\": false, \"dataElementType\": \"string\", \"encryption_required\": false}, {\"key\": \"/delimitedRecords[]/shipping_address\", \"type\": \"string\", \"order\": 9.0, \"title\": \"shipping_address\", \"value\": {\"type\": \"string\", \"requiredFlag\": true}, \"isLeaf\": true, \"childrenSet\": false, \"hasChildren\": false, \"dataElementType\": \"string\", \"encryption_required\": false}, {\"key\": \"/delimitedRecords[]/order_num\", \"type\": \"string\", \"order\": 10.0, \"title\": \"order_num\", \"value\": {\"type\": \"string\", \"requiredFlag\": true}, \"isLeaf\": true, \"childrenSet\": false, \"hasChildren\": false, \"dataElementType\": \"string\", \"encryption_required\": false}, {\"key\": \"/delimitedRecords[]/created_at\", \"type\": \"string\", \"order\": 11.0, \"title\": \"created_at\", \"value\": {\"type\": \"string\", \"requiredFlag\": true}, \"isLeaf\": true, \"childrenSet\": false, \"hasChildren\": false, \"dataElementType\": \"string\", \"encryption_required\": false}], \"childrenSet\": false, \"hasChildren\": false, \"dataElementType\": \"documentArray\", \"encryption_required\": false}]",
    "null" : false
  },
  "key_fields" : null,
  "schema" : {
    "type" : "json",
    "value" : "{\"properties\":{\"delimitedRecords\":{\"type\":\"array\",\"items\":{\"type\":\"object\",\"required\":[\"﻿item_num\",\"itemId\",\"quantity\",\"name\",\"price\",\"customer_name\",\"customer_email\",\"shipping_address\",\"order_num\",\"created_at\"],\"properties\":{\"﻿item_num\":{\"type\":\"string\"},\"itemId\":{\"type\":\"string\"},\"quantity\":{\"type\":\"string\"},\"name\":{\"type\":\"string\"},\"price\":{\"type\":\"string\"},\"customer_name\":{\"type\":\"string\"},\"customer_email\":{\"type\":\"string\"},\"shipping_address\":{\"type\":\"string\"},\"order_num\":{\"type\":\"string\"},\"created_at\":{\"type\":\"string\"}}}}}}",
    "null" : false
  },
  "source_schema" : "item_num,itemId,quantity,name,price,customer_name,customer_email,shipping_address,order_num,created_at",
  "type" : "custom",
  "doc_type" : null,
  "source_type" : "flatfile_delimited",
  "ignore_missing_schemas" : false,
  "has_ref_schemas" : null,
  "flat_file_config" : {
    "type" : "json",
    "value" : "{\"delimiter\":\",\",\"escapeCharacter\":null,\"newLineCharacter\":\"\\\\n\",\"encoding\":\"UTF-8\",\"header\":\"true\",\"quoteCharacter\":null,\"ignoreEmptyLine\":null,\"quoteHeader\":null,\"quoteValues\":null}",
    "null" : false
  },
  "active" : true,
  "is_changed" : false,
  "tag" : "EMPTY",
  "comment" : null,
  "base_tag" : "V6"
}